bottle,n,p,np,ntrt,nfac,nstand,p.s,np.s,n.s,chla.init,nh4.init,srp.init,day1to3growth,day1to2growth,day2to3growth,day1to2srp,day2to3srp,day1to3srp,day1to2nh4,day2to3nh4,day1to3nh4,day,hrs,chla,nh4,srp,growth
1,50,9,12.28529521,50,c,0.6091237526412396,-0.046849817840802846,-0.1330640969200306,0.609,0.081666667,1.964077316,5.257665455,0.003180212013909526,0,0.006329113924050633,1.6815724114088675,-1.36141905907173,0.1525498422507032,0.38181887466167347,1.4903127341772153,0.9388076619831232,1,23.7,0.1,2.44670927,10.42474835,7.7355835443038e-4
1,50,9,12.28529521,50,c,0.6091237526412396,-0.046849817840802846,-0.1330640969200306,0.609,0.081666667,1.964077316,5.257665455,0.003180212013909526,0,0.006329113924050633,1.6815724114088675,-1.36141905907173,0.1525498422507032,0.38181887466167347,1.4903127341772153,0.9388076619831232,2,23.46666667,0.1,11.40672553,49.88564761,0
1,50,9,12.28529521,50,c,0.6091237526412396,-0.046849817840802846,-0.1330640969200306,0.609,0.081666667,1.964077316,5.257665455,0.003180212013909526,0,0.006329113924050633,1.6815724114088675,-1.36141905907173,0.1525498422507032,0.38181887466167347,1.4903127341772153,0.9388076619831232,3,23.7,0.25,46.72713733,17.62001591,0.006329113924050633
2,30,22,3.015481552,30,b,0,0.8272032722578386,-0.3056759015619199,0,0.081666667,1.964077316,5.257665455,0.0016985138004246287,0.0017057569296375264,0.0016913319238900638,0.3498783248187633,-0.33727991589852013,0.004840269766454347,0.5320097648187634,0.7172179069767443,0.6250070591295118,1,23.86666667,0.05,0.080701655,6.420426943,-0.0013268156562392713
2,30,22,3.015481552,30,b,0,0.8272032722578386,-0.3056759015619199,0,0.081666667,1.964077316,5.257665455,0.0016985138004246287,0.0017057569296375264,0.0016913319238900638,0.3498783248187633,-0.33727991589852013,0.004840269766454347,0.5320097648187634,0.7172179069767443,0.6250070591295118,2,23.45,0.09,12.55633064,14.62507366,0.0017057569296375264
2,30,22,3.015481552,30,b,0,0.8272032722578386,-0.3056759015619199,0,0.081666667,1.964077316,5.257665455,0.0016985138004246287,0.0017057569296375264,0.0016913319238900638,0.3498783248187633,-0.33727991589852013,0.004840269766454347,0.5320097648187634,0.7172179069767443,0.6250070591295118,3,23.65,0.13,29.51853414,6.648403649,0.0016913319238900638
3,30,13,5.103122626,30,b,0,0.22208959449724067,-0.26680225139780006,0,0.081666667,1.964077316,5.257665455,0.0036131774707757703,0.0017069701282655717,0.005504587155186367,-0.5246448936592667,0.5195495212957587,-5.133009564292944e-4,0.45115446599589676,1.279177058393906,0.8667789837407015,1,24.08333333,0.05,0.629374455,19.23425545,-0.0013148789067563846
3,30,13,5.103122626,30,b,0,0.22208959449724067,-0.26680225139780006,0,0.081666667,1.964077316,5.257665455,0.0036131774707757703,0.0017069701282655717,0.005504587155186367,-0.5246448936592667,0.5195495212957587,-5.133009564292944e-4,0.45115446599589676,1.279177058393906,0.8667789837407015,2,23.43333333,0.09,11.20142744,6.940076777,0.0017069701282655717
3,30,13,5.103122626,30,b,0,0.22208959449724067,-0.26680225139780006,0,0.081666667,1.964077316,5.257665455,0.0036131774707757703,0.0017069701282655717,0.005504587155186367,-0.5246448936592667,0.5195495212957587,-5.133009564292944e-4,0.45115446599589676,1.279177058393906,0.8667789837407015,3,23.61666667,0.22,41.41132564,19.21010464,0.005504587155186367
4,50,22,5.025802587,50,c,0.6091237526412396,0.8272032722578386,-0.2682420162042105,0.609,0.081666667,1.964077316,5.257665455,0.0038284296346098243,0.0012784090907274987,0.006369426751592357,0.12650181049339468,-0.2309594067091295,-0.05254558400194642,0.5394574118267816,0.8751164781316346,0.707584409577626,1,23.95,0.05,0.100490944,5.779735518,-0.0013221990396659706
4,50,22,5.025802587,50,c,0.6091237526412396,0.8272032722578386,-0.2682420162042105,0.609,0.081666667,1.964077316,5.257665455,0.0038284296346098243,0.0012784090907274987,0.006369426751592357,0.12650181049339468,-0.2309594067091295,-0.05254558400194642,0.5394574118267816,0.8751164781316346,0.707584409577626,2,23.46666667,0.08,12.75975821,8.748311338,0.0012784090907274987
4,50,22,5.025802587,50,c,0.6091237526412396,0.8272032722578386,-0.2682420162042105,0.609,0.081666667,1.964077316,5.257665455,0.0038284296346098243,0.0012784090907274987,0.006369426751592357,0.12650181049339468,-0.2309594067091295,-0.05254558400194642,0.5394574118267816,0.8751164781316346,0.707584409577626,3,23.55,0.23,33.36875127,3.30921731,0.006369426751592357
5,50,1,110.5676569,50,c,0.6091237526412396,-0.5847286425168899,1.6970369646193222,0.609,0.081666667,1.964077316,5.257665455,0.0021291696241489237,8.534850641327861e-4,0.003399433428243545,-0.4570550494960249,-0.024455604734342145,-0.24029478831657836,0.2963399031715988,0.4584369123878806,0.377560973793834,1,24.66666667,0.05,12.24478243,15.3901069,-0.0012837837971238128
5,50,1,110.5676569,50,c,0.6091237526412396,-0.5847286425168899,1.6970369646193222,0.609,0.081666667,1.964077316,5.257665455,0.0021291696241489237,8.534850641327861e-4,0.003399433428243545,-0.4570550494960249,-0.024455604734342145,-0.24029478831657836,0.2963399031715988,0.4584369123878806,0.377560973793834,2,23.43333333,0.07,19.18901416,4.679783575,8.534850641327861e-4
5,50,1,110.5676569,50,c,0.6091237526412396,-0.5847286425168899,1.6970369646193222,0.609,0.081666667,1.964077316,5.257665455,0.0021291696241489237,8.534850641327861e-4,0.003399433428243545,-0.4570550494960249,-0.024455604734342145,-0.24029478831657836,0.2963399031715988,0.4584369123878806,0.377560973793834,3,23.53333333,0.15,29.97756283,4.104261677,0.003399433428243545
6,30,1,66.34059414,30,b,0,-0.5847286425168899,0.8734914869359238,0,0.081666667,1.964077316,5.257665455,0.002981895633652822,0.0012811387898532184,0.004674220963834875,-0.3145480410086053,-0.15888331633978514,-0.2365222720340788,0.16333480157105554,0.47647043556323937,0.3202916759531416,1,24.71666667,0.05,0.562382544,12.34682263,-0.0012811867968602578
6,30,1,66.34059414,30,b,0,-0.5847286425168899,0.8734914869359238,0,0.081666667,1.964077316,5.257665455,0.002981895633652822,0.0012811387898532184,0.004674220963834875,-0.3145480410086053,-0.15888331633978514,-0.2365222720340788,0.16333480157105554,0.47647043556323937,0.3202916759531416,2,23.41666667,0.08,4.387139148,4.981156002,0.0012811387898532184
6,30,1,66.34059414,30,b,0,-0.5847286425168899,0.8734914869359238,0,0.081666667,1.964077316,5.257665455,0.002981895633652822,0.0012811387898532184,0.004674220963834875,-0.3145480410086053,-0.15888331633978514,-0.2365222720340788,0.16333480157105554,0.47647043556323937,0.3202916759531416,3,23.53333333,0.19,15.60007673,1.242101958,0.004674220963834875
7,50,13,8.505204377,50,c,0.6091237526412396,0.22208959449724067,-0.2034525992640108,0.609,0.081666667,1.964077316,5.257665455,0.005110007097957417,0.0015647226318015253,0.008640226615954705,0.057161624517377205,-0.11445261528533324,-0.02882819329720769,0.45062885720492585,0.9039135706662766,0.6777537739570978,1,24.4,0.063333333,-0.045270459,5.299216949,-7.513661475409834e-4
7,50,13,8.505204377,50,c,0.6091237526412396,0.22208959449724067,-0.2034525992640108,0.609,0.081666667,1.964077316,5.257665455,0.005110007097957417,0.0015647226318015253,0.008640226615954705,0.057161624517377205,-0.11445261528533324,-0.02882819329720769,0.45062885720492585,0.9039135706662766,0.6777537739570978,2,23.43333333,0.1,10.51446576,6.63870435,0.0015647226318015253
7,50,13,8.505204377,50,c,0.6091237526412396,0.22208959449724067,-0.2034525992640108,0.609,0.081666667,1.964077316,5.257665455,0.005110007097957417,0.0015647226318015253,0.008640226615954705,0.057161624517377205,-0.11445261528533324,-0.02882819329720769,0.45062885720492585,0.9039135706662766,0.6777537739570978,3,23.53333333,0.303333333,31.78656512,3.945252804,0.008640226615954705
8,10,13,1.701040875,10,a,-0.6091237526412396,0.22208959449724067,-0.3301519035315894,-0.609,0.081666667,1.964077316,5.257665455,0.003194888178913738,8.547008547008549e-4,0.005520169851380042,0.13568725722222222,-0.010655548619957517,0.06228207985090522,0.4613216981623932,0.6159590394904458,0.5388873933333332,1,24.71666667,0.06,0.021813753,7.381464081,-8.766014968473903e-4
8,10,13,1.701040875,10,a,-0.6091237526412396,0.22208959449724067,-0.3301519035315894,-0.609,0.081666667,1.964077316,5.257665455,0.003194888178913738,8.547008547008549e-4,0.005520169851380042,0.13568725722222222,-0.010655548619957517,0.06228207985090522,0.4613216981623932,0.6159590394904458,0.5388873933333332,2,23.4,0.08,10.81674149,10.5565459,8.547008547008549e-4
8,10,13,1.701040875,10,a,-0.6091237526412396,0.22208959449724067,-0.3301519035315894,-0.609,0.081666667,1.964077316,5.257665455,0.003194888178913738,8.547008547008549e-4,0.005520169851380042,0.13568725722222222,-0.010655548619957517,0.06228207985090522,0.4613216981623932,0.6159590394904458,0.5388873933333332,3,23.55,0.21,25.32257687,10.30560773,0.005520169851380042
9,10,22,1.005160517,10,a,-0.6091237526412396,0.8272032722578386,-0.34310978691962934,-0.609,0.081666667,1.964077316,5.257665455,0.0022009229605963795,9.978617107623466e-4,0.0033946251763232503,0.5630552961458383,-0.5345191891747498,0.012125114227902025,0.12365454951156873,0.4700931954073419,0.2975502702662407,1,24.81666667,0.036666667,-0.210525789,3.216969817,-0.0018132975148672534
9,10,22,1.005160517,10,a,-0.6091237526412396,0.8272032722578386,-0.34310978691962934,-0.609,0.081666667,1.964077316,5.257665455,0.0022009229605963795,9.978617107623466e-4,0.0033946251763232503,0.5630552961458383,-0.5345191891747498,0.012125114227902025,0.12365454951156873,0.4700931954073419,0.2975502702662407,2,23.38333333,0.06,2.68092976,16.38307949,9.978617107623466e-4
9,10,22,1.005160517,10,a,-0.6091237526412396,0.8272032722578386,-0.34310978691962934,-0.609,0.081666667,1.964077316,5.257665455,0.0022009229605963795,9.978617107623466e-4,0.0033946251763232503,0.5630552961458383,-0.5345191891747498,0.012125114227902025,0.12365454951156873,0.4700931954073419,0.2975502702662407,3,23.56666667,0.14,13.7594594,3.78624393,0.0033946251763232503
10,10,1,22.11353138,10,a,-0.6091237526412396,-0.5847286425168899,0.04994600925252557,-0.609,0.081666667,1.964077316,5.257665455,8.516678496595694e-4,-4.2765502500750614e-4,0.0021201413430558505,0.11730990181287385,-0.11279834236223298,0.0017658402415565548,0.04019425484535913,0.3803182224707164,0.21098042027835065,1,25,0.05,-0.172664006,4.498352667,-0.0012666666799999997
10,10,1,22.11353138,10,a,-0.6091237526412396,-0.5847286425168899,0.04994600925252557,-0.609,0.081666667,1.964077316,5.257665455,8.516678496595694e-4,-4.2765502500750614e-4,0.0021201413430558505,0.11730990181287385,-0.11279834236223298,0.0017658402415565548,0.04019425484535913,0.3803182224707164,0.21098042027835065,2,23.38333333,0.04,0.767211653,7.241449204,-4.2765502500750614e-4
10,10,1,22.11353138,10,a,-0.6091237526412396,-0.5847286425168899,0.04994600925252557,-0.609,0.081666667,1.964077316,5.257665455,8.516678496595694e-4,-4.2765502500750614e-4,0.0021201413430558505,0.11730990181287385,-0.11279834236223298,0.0017658402415565548,0.04019425484535913,0.3803182224707164,0.21098042027835065,3,23.58333333,0.09,9.736383065,4.581288297,0.0021201413430558505
11,30,9,7.371177127,30,b,0,-0.046849817840802846,-0.22456914996906696,0,0.081666667,1.964077316,5.257665455,0.0031937544362233864,8.553100500150123e-4,0.005512367491945212,0.2027069372919041,0.16681725097764202,0.18468567890485246,0.24112634188754475,0.6131175096696986,0.42791395807351507,1,24.8,0.05,-0.285437108,3.857661242,-0.0012768817338709676
11,30,9,7.371177127,30,b,0,-0.046849817840802846,-0.22456914996906696,0,0.081666667,1.964077316,5.257665455,0.0031937544362233864,8.553100500150123e-4,0.005512367491945212,0.2027069372919041,0.16681725097764202,0.18468567890485246,0.24112634188754475,0.6131175096696986,0.42791395807351507,2,23.38333333,0.07,5.352900519,8.597625125,8.553100500150123e-4
11,30,9,7.371177127,30,b,0,-0.046849817840802846,-0.22456914996906696,0,0.081666667,1.964077316,5.257665455,0.0031937544362233864,8.553100500150123e-4,0.005512367491945212,0.2027069372919041,0.16681725097764202,0.18468567890485246,0.24112634188754475,0.6131175096696986,0.42791395807351507,3,23.58333333,0.2,19.81225512,12.53173196,0.005512367491945212
12,10,2,11.05676569,10,a,-0.6091237526412396,-0.517493789432379,-0.15594036016832402,-0.609,0.081666667,1.964077316,5.257665455,0.0017045454546665163,4.2765502500750587e-4,0.0029723991507431,0.3912107189296095,-0.19546983855626326,0.09682874883500206,0.027189883068736972,0.25070579834394907,0.13934470846160119,1,25.05,0.05,0.55608763,3.216969817,-0.0012641384031936125
12,10,2,11.05676569,10,a,-0.6091237526412396,-0.517493789432379,-0.15594036016832402,-0.609,0.081666667,1.964077316,5.257665455,0.0017045454546665163,4.2765502500750587e-4,0.0029723991507431,0.3912107189296095,-0.19546983855626326,0.09682874883500206,0.027189883068736972,0.25070579834394907,0.13934470846160119,2,23.38333333,0.06,1.191877729,12.36478046,4.2765502500750587e-4
12,10,2,11.05676569,10,a,-0.6091237526412396,-0.517493789432379,-0.15594036016832402,-0.609,0.081666667,1.964077316,5.257665455,0.0017045454546665163,4.2765502500750587e-4,0.0029723991507431,0.3912107189296095,-0.19546983855626326,0.09682874883500206,0.027189883068736972,0.25070579834394907,0.13934470846160119,3,23.55,0.13,7.09599928,7.761465762,0.0029723991507431
13,10,4,5.528382845,10,a,-0.6091237526412396,-0.38302408326335724,-0.2588835448787488,-0.609,0.081666667,1.964077316,5.257665455,0.0025577264651823997,8.547008547008546e-4,0.0042523033303682066,0.09511672944444446,0.1662657913159085,0.13077972280420752,0.07389088521367522,0.41303072303146265,0.24388247000753943,1,25.13333333,0.04,1.731741218,3.05679696,-0.0016578249471694729
13,10,4,5.528382845,10,a,-0.6091237526412396,-0.38302408326335724,-0.2588835448787488,-0.609,0.081666667,1.964077316,5.257665455,0.0025577264651823997,8.547008547008546e-4,0.0042523033303682066,0.09511672944444446,0.1662657913159085,0.13077972280420752,0.07389088521367522,0.41303072303146265,0.24388247000753943,2,23.4,0.06,3.460787932,5.282528429,8.547008547008546e-4
13,10,4,5.528382845,10,a,-0.6091237526412396,-0.38302408326335724,-0.2588835448787488,-0.609,0.081666667,1.964077316,5.257665455,0.0025577264651823997,8.547008547008546e-4,0.0042523033303682066,0.09511672944444446,0.1662657913159085,0.13077972280420752,0.07389088521367522,0.41303072303146265,0.24388247000753943,3,23.51666667,0.16,13.17389377,9.192545622,0.0042523033303682066
14,50,4,27.64191423,50,c,0.6091237526412396,-0.38302408326335724,0.1528891940560546,0.609,0.081666667,1.964077316,5.257665455,0.0034090909093330317,0.0012829650750225182,0.005520169851380042,0.09802443204533494,0.4133794855626327,0.25626189321422316,0.4825866915014379,0.5391147583864118,0.51095109438288,1,24.98333333,0.05,1.909272552,1.935586966,-0.0012675116879609753
14,50,4,27.64191423,50,c,0.6091237526412396,-0.38302408326335724,0.1528891940560546,0.609,0.081666667,1.964077316,5.257665455,0.0034090909093330317,0.0012829650750225182,0.005520169851380042,0.09802443204533494,0.4133794855626327,0.25626189321422316,0.4825866915014379,0.5391147583864118,0.51095109438288,2,23.38333333,0.08,13.19375802,4.227724935,0.0012829650750225182
14,50,4,27.64191423,50,c,0.6091237526412396,-0.38302408326335724,0.1528891940560546,0.609,0.081666667,1.964077316,5.257665455,0.0034090909093330317,0.0012829650750225182,0.005520169851380042,0.09802443204533494,0.4133794855626327,0.25626189321422316,0.4825866915014379,0.5391147583864118,0.51095109438288,3,23.55,0.21,25.88991058,13.96281182,0.005520169851380042
15,10,9,2.457059042,10,a,-0.6091237526412396,-0.046849817840802846,-0.316074203055345,-0.609,0.081666667,1.964077316,5.257665455,0.0023462495558013684,4.282655246252677e-4,0.004249291785304431,-0.4679835560599572,-0.1574686999514828,-0.31211900689741334,0.14342333884368308,0.36887793362165405,0.2565914468436965,1,25.06666667,0.04,1.095579578,16.51131689,-0.001662234055630022
15,10,9,2.457059042,10,a,-0.6091237526412396,-0.046849817840802846,-0.316074203055345,-0.609,0.081666667,1.964077316,5.257665455,0.0023462495558013684,4.282655246252677e-4,0.004249291785304431,-0.4679835560599572,-0.1574686999514828,-0.31211900689741334,0.14342333884368308,0.36887793362165405,0.2565914468436965,2,23.35,0.05,4.44451454,5.583900856,4.282655246252677e-4
15,10,9,2.457059042,10,a,-0.6091237526412396,-0.046849817840802846,-0.316074203055345,-0.609,0.081666667,1.964077316,5.257665455,0.0023462495558013684,4.282655246252677e-4,0.004249291785304431,-0.4679835560599572,-0.1574686999514828,-0.31211900689741334,0.14342333884368308,0.36887793362165405,0.2565914468436965,3,23.53333333,0.15,13.12544191,1.878137451,0.004249291785304431
16,10,17,1.300795964,10,a,-0.6091237526412396,0.4910290068352842,-0.3376048037661933,-0.609,0.081666667,1.964077316,5.257665455,0.0027718550106609805,4.282655246252677e-4,0.005095541401273886,0.01742656068522483,0.5867729639065817,0.30331372051172706,0.1949689590578158,0.3823939956687898,0.2890811043070362,1,25.25,0.04,-0.255857782,5.779735518,-0.0016501650297029702
16,10,17,1.300795964,10,a,-0.6091237526412396,0.4910290068352842,-0.3376048037661933,-0.609,0.081666667,1.964077316,5.257665455,0.0027718550106609805,4.282655246252677e-4,0.005095541401273886,0.01742656068522483,0.5867729639065817,0.30331372051172706,0.1949689590578158,0.3823939956687898,0.2890811043070362,2,23.35,0.05,4.296667412,6.18664571,4.282655246252677e-4
16,10,17,1.300795964,10,a,-0.6091237526412396,0.4910290068352842,-0.3376048037661933,-0.609,0.081666667,1.964077316,5.257665455,0.0027718550106609805,4.282655246252677e-4,0.005095541401273886,0.01742656068522483,0.5867729639065817,0.30331372051172706,0.1949689590578158,0.3823939956687898,0.2890811043070362,3,23.55,0.17,13.30204601,20.00514901,0.005095541401273886
17,50,2,55.28382845,50,c,0.6091237526412396,-0.517493789432379,0.6676051175150743,0.609,0.081666667,1.964077316,5.257665455,0.0023487544485657477,0.0017094017094017092,0.0029871977244647512,0.020632621153846148,-0.1392045842587773,-0.05934286311454396,0.45787707504273517,0.4320758979277489,0.4449673045725955,1,25.03333333,0.05,6.114773324,4.498352667,-0.0012649800401151768
17,50,2,55.28382845,50,c,0.6091237526412396,-0.517493789432379,0.6676051175150743,0.609,0.081666667,1.964077316,5.257665455,0.0023487544485657477,0.0017094017094017092,0.0029871977244647512,0.020632621153846148,-0.1392045842587773,-0.05934286311454396,0.45787707504273517,0.4320758979277489,0.4449673045725955,2,23.4,0.09,16.82909688,4.981156002,0.0017094017094017092
17,50,2,55.28382845,50,c,0.6091237526412396,-0.517493789432379,0.6676051175150743,0.609,0.081666667,1.964077316,5.257665455,0.0023487544485657477,0.0017094017094017092,0.0029871977244647512,0.020632621153846148,-0.1392045842587773,-0.05934286311454396,0.45787707504273517,0.4320758979277489,0.4449673045725955,3,23.43333333,0.16,26.95407542,1.719128578,0.0029871977244647512
19,30,4,16.58514854,30,b,0,-0.38302408326335724,-0.05299717536479502,0,0.081666667,1.964077316,5.257665455,0.0019230769230769234,0.0012802275961991789,0.0025677603420017465,-0.17276115723652363,0.12832192247812813,-0.022434063995726488,0.34102202462887937,0.30200910338059783,0.321543350982906,1,25.48333333,0.05,0.715952594,7.221291225,-0.0012426422630794822
19,30,4,16.58514854,30,b,0,-0.38302408326335724,-0.05299717536479502,0,0.081666667,1.964077316,5.257665455,0.0019230769230769234,0.0012802275961991789,0.0025677603420017465,-0.17276115723652363,0.12832192247812813,-0.022434063995726488,0.34102202462887937,0.30200910338059783,0.321543350982906,2,23.43333333,0.08,8.70723537,3.172921441,0.0012802275961991789
19,30,4,16.58514854,30,b,0,-0.38302408326335724,-0.05299717536479502,0,0.081666667,1.964077316,5.257665455,0.0019230769230769234,0.0012802275961991789,0.0025677603420017465,-0.17276115723652363,0.12832192247812813,-0.022434063995726488,0.34102202462887937,0.30200910338059783,0.321543350982906,3,23.36666667,0.14,15.76418142,6.17137703,0.0025677603420017465
20,30,17,3.902387891,30,b,0,0.4910290068352842,-0.2891609521388534,0,0.081666667,1.964077316,5.257665455,0.003563791881428097,0.002135231316422031,0.00499643113490364,0.0712876764453683,0.06815697524625264,0.0697245572794209,NA,NA,0.5957920437137709,1,25.51666667,0.04,0.138389647,4.81869838,-0.0016329196732027538
20,30,17,3.902387891,30,b,0,0.4910290068352842,-0.2891609521388534,0,0.081666667,1.964077316,5.257665455,0.003563791881428097,0.002135231316422031,0.00499643113490364,0.0712876764453683,0.06815697524625264,0.0697245572794209,NA,NA,0.5957920437137709,2,23.41666667,0.09,NA,6.488018137,0.002135231316422031
20,30,17,3.902387891,30,b,0,0.4910290068352842,-0.2891609521388534,0,0.081666667,1.964077316,5.257665455,0.003563791881428097,0.002135231316422031,0.00499643113490364,0.0712876764453683,0.06815697524625264,0.0697245572794209,NA,NA,0.5957920437137709,3,23.35,0.206666667,28.00159756,8.079483509,0.00499643113490364
21,50,17,6.503979818,50,c,0.6091237526412396,0.4910290068352842,-0.24071710051151354,0.609,0.081666667,1.964077316,5.257665455,0.003633772710561628,0.002121640735202031,0.0051687006453454845,-0.21658868530175548,0.24231834117123932,0.011148218110274576,0.6264055985394051,0.6822355364418902,0.6541117273239598,1,25.23333333,0.04,0.425106659,9.784056926,-0.0016512549671930323
21,50,17,6.503979818,50,c,0.6091237526412396,0.4910290068352842,-0.24071710051151354,0.609,0.081666667,1.964077316,5.257665455,0.003633772710561628,0.002121640735202031,0.0051687006453454845,-0.21658868530175548,0.24231834117123932,0.011148218110274576,0.6264055985394051,0.6822355364418902,0.6541117273239598,2,23.56666667,0.09,15.1873986,4.679783575,0.002121640735202031
21,50,17,6.503979818,50,c,0.6091237526412396,0.4910290068352842,-0.24071710051151354,0.609,0.081666667,1.964077316,5.257665455,0.003633772710561628,0.002121640735202031,0.0051687006453454845,-0.21658868530175548,0.24231834117123932,0.011148218110274576,0.6264055985394051,0.6822355364418902,0.6541117273239598,3,23.21666667,0.21,31.02663364,10.30560773,0.0051687006453454845
22,30,2,33.17029707,30,b,0,-0.517493789432379,0.25583237867337505,0,0.081666667,1.964077316,5.257665455,0.0027817403710971283,0.0014164305809371714,0.0041666666810344834,0.02893439498993404,0.7900814095689654,0.40679339797480696,0.24111038123811762,0.47607784081896554,0.35775613864178,1,25.28333333,0.04,0.422712992,3.697488386,-0.0016479894662686865
22,30,2,33.17029707,30,b,0,-0.517493789432379,0.25583237867337505,0,0.081666667,1.964077316,5.257665455,0.0027817403710971283,0.0014164305809371714,0.0041666666810344834,0.02893439498993404,0.7900814095689654,0.40679339797480696,0.24111038123811762,0.47607784081896554,0.35775613864178,2,23.53333333,0.073333333,6.096843963,4.378411148,0.0014164305809371714
22,30,2,33.17029707,30,b,0,-0.517493789432379,0.25583237867337505,0,0.081666667,1.964077316,5.257665455,0.0027817403710971283,0.0014164305809371714,0.0041666666810344834,0.02893439498993404,0.7900814095689654,0.40679339797480696,0.24111038123811762,0.47607784081896554,0.35775613864178,3,23.2,0.17,17.14184987,22.70829985,0.0041666666810344834
23,10,1,22.11353138,10,a,-0.6091237526412396,-0.5847286425168899,0.04994600925252557,-0.609,0.081666667,1.964077316,5.257665455,0.0012829650747481851,0,0.0025917926565874735,0.5336022623805784,-0.8511218146436286,-0.15185096030279038,0.13388289305096926,0.1698063311015119,0.1516653789556903,1,24.6,0.04,-0.159972648,8.502674075,-0.001693766951219512
23,10,1,22.11353138,10,a,-0.6091237526412396,-0.5847286425168899,0.04994600925252557,-0.609,0.081666667,1.964077316,5.257665455,0.0012829650747481851,0,0.0025917926565874735,0.5336022623805784,-0.8511218146436286,-0.15185096030279038,0.13388289305096926,0.1698063311015119,0.1516653789556903,2,23.61666667,0.04,3.00189501,21.10458084,0
23,10,1,22.11353138,10,a,-0.6091237526412396,-0.5847286425168899,0.04994600925252557,-0.609,0.081666667,1.964077316,5.257665455,0.0012829650747481851,0,0.0025917926565874735,0.5336022623805784,-0.8511218146436286,-0.15185096030279038,0.13388289305096926,0.1698063311015119,0.1516653789556903,3,23.15,0.1,6.932911575,1.401110831,0.0025917926565874735
24,10,22,1.005160517,10,a,-0.6091237526412396,0.8272032722578386,-0.34310978691962934,-0.609,0.081666667,1.964077316,5.257665455,0.0025668449197860962,8.456659619450319e-4,0.004329004329004328,-0.23187057378435513,-0.2514253708658008,-0.24153294410695184,0.21669949255813956,0.46687993757575763,0.34031806539037435,1,24.65,0.03,0.343038953,16.19097118,-0.002096010831643002
24,10,22,1.005160517,10,a,-0.6091237526412396,0.8272032722578386,-0.34310978691962934,-0.609,0.081666667,1.964077316,5.257665455,0.0025668449197860962,8.456659619450319e-4,0.004329004329004328,-0.23187057378435513,-0.2514253708658008,-0.24153294410695184,0.21669949255813956,0.46687993757575763,0.34031806539037435,2,23.65,0.05,5.467981952,10.70723211,8.456659619450319e-4
24,10,22,1.005160517,10,a,-0.6091237526412396,0.8272032722578386,-0.34310978691962934,-0.609,0.081666667,1.964077316,5.257665455,0.0025668449197860962,8.456659619450319e-4,0.004329004329004328,-0.23187057378435513,-0.2514253708658008,-0.24153294410695184,0.21669949255813956,0.46687993757575763,0.34031806539037435,3,23.1,0.15,16.25290851,4.899306043,0.004329004329004328
26,50,17,6.503979818,50,c,0.6091237526412396,0.4910290068352842,-0.24071710051151354,0.609,0.081666667,1.964077316,5.257665455,0.002858163622722401,0.0016913319238900635,0.0040579710000000005,0.09927939763213532,0.8005702303043478,0.445039079335477,0.7346331030443976,0.6702397221739131,0.7028850267309754,1,24.76666667,0.04,0.075717413,3.537315529,-0.0016823687884680526
26,50,17,6.503979818,50,c,0.6091237526412396,0.4910290068352842,-0.24071710051151354,0.609,0.081666667,1.964077316,5.257665455,0.002858163622722401,0.0016913319238900635,0.0040579710000000005,0.09927939763213532,0.8005702303043478,0.445039079335477,0.7346331030443976,0.6702397221739131,0.7028850267309754,2,23.65,0.08,17.4497903,5.885273283,0.0016913319238900635
26,50,17,6.503979818,50,c,0.6091237526412396,0.4910290068352842,-0.24071710051151354,0.609,0.081666667,1.964077316,5.257665455,0.002858163622722401,0.0016913319238900635,0.0040579710000000005,0.09927939763213532,0.8005702303043478,0.445039079335477,0.7346331030443976,0.6702397221739131,0.7028850267309754,3,23,0.173333333,32.86530391,24.29838858,0.0040579710000000005
27,50,13,8.505204377,50,c,0.6091237526412396,0.22208959449724067,-0.2034525992640108,0.609,0.081666667,1.964077316,5.257665455,0.0042887776986625286,0.001688951442883737,0.006971677559912853,-0.20991387828429467,-0.009368737080610033,-0.11121814581209565,0.543698202004743,0.6650523063180828,0.6034210760760129,1,24.81666667,0.04,-0.279714459,7.541636937,-0.0016789791938644754
27,50,13,8.505204377,50,c,0.6091237526412396,0.22208959449724067,-0.2034525992640108,0.609,0.081666667,1.964077316,5.257665455,0.0042887776986625286,0.001688951442883737,0.006971677559912853,-0.20991387828429467,-0.009368737080610033,-0.11121814581209565,0.543698202004743,0.6650523063180828,0.6034210760760129,2,23.68333333,0.08,12.59687129,2.570176587,0.001688951442883737
27,50,13,8.505204377,50,c,0.6091237526412396,0.22208959449724067,-0.2034525992640108,0.609,0.081666667,1.964077316,5.257665455,0.0042887776986625286,0.001688951442883737,0.006971677559912853,-0.20991387828429467,-0.009368737080610033,-0.11121814581209565,0.543698202004743,0.6650523063180828,0.6034210760760129,3,22.95,0.24,27.85982172,2.355164071,0.006971677559912853
28,10,2,11.05676569,10,a,-0.6091237526412396,-0.517493789432379,-0.15594036016832402,-0.609,0.081666667,1.964077316,5.257665455,0.0015725518156949644,4.2283298097251594e-4,0.0027556200003996546,0.13113694803382667,0.27715971998218414,0.20310456865640494,0.0802854578435518,0.24636879962964017,0.16213997117670767,1,24.86666667,0.04,0.551404903,3.537315529,-0.0016756032303383908
28,10,2,11.05676569,10,a,-0.6091237526412396,-0.517493789432379,-0.15594036016832402,-0.609,0.081666667,1.964077316,5.257665455,0.0015725518156949644,4.2283298097251594e-4,0.0027556200003996546,0.13113694803382667,0.27715971998218414,0.20310456865640494,0.0802854578435518,0.24636879962964017,0.16213997117670767,2,23.65,0.05,2.450155981,6.63870435,4.2283298097251594e-4
28,10,2,11.05676569,10,a,-0.6091237526412396,-0.517493789432379,-0.15594036016832402,-0.609,0.081666667,1.964077316,5.257665455,0.0015725518156949644,4.2283298097251594e-4,0.0027556200003996546,0.13113694803382667,0.27715971998218414,0.20310456865640494,0.0802854578435518,0.24636879962964017,0.16213997117670767,3,22.98333333,0.113333333,8.112532225,13.00875858,0.0027556200003996546
29,30,2,33.17029707,30,b,0,-0.517493789432379,0.25583237867337505,0,0.081666667,1.964077316,5.257665455,0.002862254017479463,0.0012622720895845343,0.004528853162230993,0.3758128190216251,-0.4218030251830821,-0.014861989822560005,0.2855168417271365,0.31532805795247215,0.3001184714275323,1,24.95,0.04,0.288501494,1.77541411,-0.0016700066933867735
29,30,2,33.17029707,30,b,0,-0.517493789432379,0.25583237867337505,0,0.081666667,1.964077316,5.257665455,0.002862254017479463,0.0012622720895845343,0.004528853162230993,0.3758128190216251,-0.4218030251830821,-0.014861989822560005,0.2855168417271365,0.31532805795247215,0.3001184714275323,2,23.76666667,0.07,7.0742851,10.70723211,0.0012622720895845343
29,30,2,33.17029707,30,b,0,-0.517493789432379,0.25583237867337505,0,0.081666667,1.964077316,5.257665455,0.002862254017479463,0.0012622720895845343,0.004528853162230993,0.3758128190216251,-0.4218030251830821,-0.014861989822560005,0.2855168417271365,0.31532805795247215,0.3001184714275323,3,22.81666667,0.173333333,14.26902029,1.083093084,0.004528853162230993
30,10,4,5.528382845,10,a,-0.6091237526412396,-0.38302408326335724,-0.2588835448787488,-0.609,0.081666667,1.964077316,5.257665455,0.002145922746781116,8.409250176371302e-4,0.0035062089111020885,0.1423218514845581,-0.1436963948950042,0.002279298068669527,0.1038476891245757,0.24872972069412277,0.1747859942918455,1,24.95,0.04,0.068056447,1.294895541,-0.0016700066933867735
30,10,4,5.528382845,10,a,-0.6091237526412396,-0.38302408326335724,-0.2588835448787488,-0.609,0.081666667,1.964077316,5.257665455,0.002145922746781116,8.409250176371302e-4,0.0035062089111020885,0.1423218514845581,-0.1436963948950042,0.002279298068669527,0.1038476891245757,0.24872972069412277,0.1747859942918455,2,23.78333333,0.06,2.537900653,4.679783575,8.409250176371302e-4
30,10,4,5.528382845,10,a,-0.6091237526412396,-0.38302408326335724,-0.2588835448787488,-0.609,0.081666667,1.964077316,5.257665455,0.002145922746781116,8.409250176371302e-4,0.0035062089111020885,0.1423218514845581,-0.1436963948950042,0.002279298068669527,0.1038476891245757,0.24872972069412277,0.1747859942918455,3,22.81666667,0.14,8.213083781,1.401110831,0.0035062089111020885
31,30,22,3.015481552,30,b,0,0.8272032722578386,-0.3056759015619199,0,0.081666667,1.964077316,5.257665455,0.0025760286221715883,0.0012622720895845343,0.003944485024989849,2.2809835216155703,-2.2263287484402734,0.07328745802886763,0.5733527473249155,0.6269870413985409,0.5996229972666014,1,25,0.04,-0.136759,5.619562662,-0.00166666668
31,30,22,3.015481552,30,b,0,0.8272032722578386,-0.3056759015619199,0,0.081666667,1.964077316,5.257665455,0.0025760286221715883,0.0012622720895845343,0.003944485024989849,2.2809835216155703,-2.2263287484402734,0.07328745802886763,0.5733527473249155,0.6269870413985409,0.5996229972666014,2,23.76666667,0.07,13.48992463,59.8309377,0.0012622720895845343
31,30,22,3.015481552,30,b,0,0.8272032722578386,-0.3056759015619199,0,0.081666667,1.964077316,5.257665455,0.0025760286221715883,0.0012622720895845343,0.003944485024989849,2.2809835216155703,-2.2263287484402734,0.07328745802886763,0.5733527473249155,0.6269870413985409,0.5996229972666014,3,22.81666667,0.16,27.79567896,9.033536749,0.003944485024989849
32,50,4,27.64191423,50,c,0.6091237526412396,-0.38302408326335724,0.1528891940560546,0.609,0.081666667,1.964077316,5.257665455,0.003007518796992482,8.397480754597975e-4,0.005278592376140556,0.3215278510676658,0.09933239693538602,0.2130156421911923,0.46805534025639534,0.020205001322610737,0.2493414619119227,1,25.01666667,0.05,2.152614348,8.022155506,-0.001265822797965913
32,50,4,27.64191423,50,c,0.6091237526412396,-0.38302408326335724,0.1528891940560546,0.609,0.081666667,1.964077316,5.257665455,0.003007518796992482,8.397480754597975e-4,0.005278592376140556,0.3215278510676658,0.09933239693538602,0.2130156421911923,0.46805534025639534,0.020205001322610737,0.2493414619119227,2,23.81666667,0.07,13.30013237,15.67987716,8.397480754597975e-4
32,50,4,27.64191423,50,c,0.6091237526412396,-0.38302408326335724,0.1528891940560546,0.609,0.081666667,1.964077316,5.257665455,0.003007518796992482,8.397480754597975e-4,0.005278592376140556,0.3215278510676658,0.09933239693538602,0.2130156421911923,0.46805534025639534,0.020205001322610737,0.2493414619119227,3,22.73333333,0.19,13.7594594,17.93803365,0.005278592376140556
33,50,9,12.28529521,50,c,0.6091237526412396,-0.046849817840802846,-0.1330640969200306,0.609,0.081666667,1.964077316,5.257665455,0.003438395414980173,0.0016759776533972098,0.005294117646280277,-0.06781077162460743,0.0672742982548126,-0.00201002125329369,0.57882845526832,0.43415741464203567,0.5083583208655648,1,25.11666667,0.04,0.526717519,6.900945512,-0.0016589250296404877
33,50,9,12.28529521,50,c,0.6091237526412396,-0.046849817840802846,-0.1330640969200306,0.609,0.081666667,1.964077316,5.257665455,0.003438395414980173,0.0016759776533972098,0.005294117646280277,-0.06781077162460743,0.0672742982548126,-0.00201002125329369,0.57882845526832,0.43415741464203567,0.5083583208655648,2,23.86666667,0.08,14.34142332,5.282528429,0.0016759776533972098
33,50,9,12.28529521,50,c,0.6091237526412396,-0.046849817840802846,-0.1330640969200306,0.609,0.081666667,1.964077316,5.257665455,0.003438395414980173,0.0016759776533972098,0.005294117646280277,-0.06781077162460743,0.0672742982548126,-0.00201002125329369,0.57882845526832,0.43415741464203567,0.5083583208655648,3,22.66666667,0.2,24.18232472,6.807412523,0.005294117646280277
34,10,13,1.701040875,10,a,-0.6091237526412396,0.22208959449724067,-0.3301519035315894,-0.609,0.081666667,1.964077316,5.257665455,0.0017204301075268817,4.1899441334930255e-4,0.0030927835056101306,0.15440616152871423,-0.19407716618469473,-0.0152140388172043,0.22738149021963944,0.49241877506515747,0.3563853012473118,1,25.11666667,0.03,-0.155292998,3.857661242,-0.0020570670335690686
34,10,13,1.701040875,10,a,-0.6091237526412396,0.22208959449724067,-0.3301519035315894,-0.609,0.081666667,1.964077316,5.257665455,0.0017204301075268817,4.1899441334930255e-4,0.0030927835056101306,0.15440616152871423,-0.19407716618469473,-0.0152140388172043,0.22738149021963944,0.49241877506515747,0.3563853012473118,2,23.86666667,0.04,5.271545236,7.542821631,4.1899441334930255e-4
34,10,13,1.701040875,10,a,-0.6091237526412396,0.22208959449724067,-0.3301519035315894,-0.609,0.081666667,1.964077316,5.257665455,0.0017204301075268817,4.1899441334930255e-4,0.0030927835056101306,0.15440616152871423,-0.19407716618469473,-0.0152140388172043,0.22738149021963944,0.49241877506515747,0.3563853012473118,3,22.63333333,0.11,16.41662351,3.150208437,0.0030927835056101306
35,30,9,7.371177127,30,b,0,-0.046849817840802846,-0.22456914996906696,0,0.081666667,1.964077316,5.257665455,0.002363050483351235,0.0012561060713546558,0.0035294117641868506,0.11053078314173494,0.3504484255514046,0.2273542681847476,0.31815242922793474,0.5226404087319646,0.41772409129967775,1,25.1,0.04,-0.22294486,3.697488386,-0.001660026573705179
35,30,9,7.371177127,30,b,0,-0.046849817840802846,-0.22456914996906696,0,0.081666667,1.964077316,5.257665455,0.002363050483351235,0.0012561060713546558,0.0035294117641868506,0.11053078314173494,0.3504484255514046,0.2273542681847476,0.31815242922793474,0.5226404087319646,0.41772409129967775,2,23.88333333,0.07,7.375595657,6.337331923,0.0012561060713546558
35,30,9,7.371177127,30,b,0,-0.046849817840802846,-0.22456914996906696,0,0.081666667,1.964077316,5.257665455,0.002363050483351235,0.0012561060713546558,0.0035294117641868506,0.11053078314173494,0.3504484255514046,0.2273542681847476,0.31815242922793474,0.5226404087319646,0.41772409129967775,3,22.66666667,0.15,19.22211159,14.28082957,0.0035294117641868506
36,30,17,3.902387891,30,b,0,0.4910290068352842,-0.2891609521388534,0,0.081666667,1.964077316,5.257665455,0.0019340974213419842,0.0016701461377870567,0.002214022140548195,0.5446087135699375,-0.3859523588761554,0.09299329341640353,0.6792297970772444,0.5160416878990467,0.600032129484243,1,25.16666667,0.03,-0.19123954,11.22561263,-0.002052980145423446
36,30,17,3.902387891,30,b,0,0.4910290068352842,-0.2891609521388534,0,0.081666667,1.964077316,5.257665455,0.0019340974213419842,0.0016701461377870567,0.002214022140548195,0.5446087135699375,-0.3859523588761554,0.09299329341640353,0.6792297970772444,0.5160416878990467,0.600032129484243,2,23.95,0.07,16.0763141,24.26899132,0.0016701461377870567
36,30,17,3.902387891,30,b,0,0.4910290068352842,-0.2891609521388534,0,0.081666667,1.964077316,5.257665455,0.0019340974213419842,0.0016701461377870567,0.002214022140548195,0.5446087135699375,-0.3859523588761554,0.09299329341640353,0.6792297970772444,0.5160416878990467,0.600032129484243,3,22.58333333,0.12,27.73025555,15.55290055,0.002214022140548195
37,30,4,16.58514854,30,b,0,-0.38302408326335724,-0.05299717536479502,0,0.081666667,1.964077316,5.257665455,0.002151308712491745,0.0012543554005220408,0.003101920235878594,0.20523442408289416,-0.2707222376409568,-0.025832381215370032,0.26327296252776683,0.2393333020325947,0.25165076808151293,1,25.26666667,0.03,4.552328672,6.10008123,-0.0020448548941893333
37,30,4,16.58514854,30,b,0,-0.38302408326335724,-0.05299717536479502,0,0.081666667,1.964077316,5.257665455,0.002151308712491745,0.0012543554005220408,0.003101920235878594,0.20523442408289416,-0.2707222376409568,-0.025832381215370032,0.26327296252776683,0.2393333020325947,0.25165076808151293,2,23.91666667,0.06,10.84894036,11.00860454,0.0012543554005220408
37,30,4,16.58514854,30,b,0,-0.38302408326335724,-0.05299717536479502,0,0.081666667,1.964077316,5.257665455,0.002151308712491745,0.0012543554005220408,0.003101920235878594,0.20523442408289416,-0.2707222376409568,-0.025832381215370032,0.26327296252776683,0.2393333020325947,0.25165076808151293,3,22.56666667,0.13,16.24989521,4.899306043,0.003101920235878594
38,10,9,2.457059042,10,a,-0.6091237526412396,-0.046849817840802846,-0.316074203055345,-0.609,0.081666667,1.964077316,5.257665455,0.0017953321291349852,0.0012569832400479073,0.0023651145454545454,0.11903866665935213,1.3542582986252774,0.719129209542612,0.04236870891866358,0.46478912266075384,0.24758767471830606,1,25.35,0.03,1.974713811,6.660686228,-0.0020381328205128202
38,10,9,2.457059042,10,a,-0.6091237526412396,-0.046849817840802846,-0.316074203055345,-0.609,0.081666667,1.964077316,5.257665455,0.0017953321291349852,0.0012569832400479073,0.0023651145454545454,0.11903866665935213,1.3542582986252774,0.719129209542612,0.04236870891866358,0.46478912266075384,0.24758767471830606,2,23.86666667,0.06,2.985913664,9.501742406,0.0012569832400479073
38,10,9,2.457059042,10,a,-0.6091237526412396,-0.046849817840802846,-0.316074203055345,-0.609,0.081666667,1.964077316,5.257665455,0.0017953321291349852,0.0012569832400479073,0.0023651145454545454,0.11903866665935213,1.3542582986252774,0.719129209542612,0.04236870891866358,0.46478912266075384,0.24758767471830606,3,22.55,0.113333333,13.46690838,40.04026704,0.0023651145454545454
39,30,1,66.34059414,30,b,0,-0.5847286425168899,0.8734914869359238,0,0.081666667,1.964077316,5.257665455,0.0017235188508636608,0.0012569832400479075,0.002217294900221729,0.08358766033748775,-0.017363416674057653,0.034543923466100974,0.1762568844725898,0.4257857742793792,0.29748223021203,1,25.85,0.04,0.97465324,3.136883389,-0.00161186332688588
39,30,1,66.34059414,30,b,0,-0.5847286425168899,0.8734914869359238,0,0.081666667,1.964077316,5.257665455,0.0017235188508636608,0.0012569832400479075,0.002217294900221729,0.08358766033748775,-0.017363416674057653,0.034543923466100974,0.1762568844725898,0.4257857742793792,0.29748223021203,2,23.86666667,0.07,5.18131755,5.131842216,0.0012569832400479075
39,30,1,66.34059414,30,b,0,-0.5847286425168899,0.8734914869359238,0,0.081666667,1.964077316,5.257665455,0.0017235188508636608,0.0012569832400479075,0.002217294900221729,0.08358766033748775,-0.017363416674057653,0.034543923466100974,0.1762568844725898,0.4257857742793792,0.29748223021203,3,22.55,0.12,14.78278676,4.74029717,0.002217294900221729
40,50,22,5.025802587,50,c,0.6091237526412396,0.8272032722578386,-0.2682420162042105,0.609,0.081666667,1.964077316,5.257665455,0.0036624775580852797,0.001257861635220126,0.006203840471757187,0.04029860628930822,0.24143633482401233,0.1380869310493295,0.5869303635639412,0.721657823379371,0.6524316133319619,1,25.43333333,0.04,0.259703649,9.1433655,-0.0016382700002147141
40,50,22,5.025802587,50,c,0.6091237526412396,0.8272032722578386,-0.2682420162042105,0.609,0.081666667,1.964077316,5.257665455,0.0036624775580852797,0.001257861635220126,0.006203840471757187,0.04029860628930822,0.24143633482401233,0.1380869310493295,0.5869303635639412,0.721657823379371,0.6524316133319619,2,23.85,0.07,14.25799282,10.10448726,0.001257861635220126
40,50,22,5.025802587,50,c,0.6091237526412396,0.8272032722578386,-0.2682420162042105,0.609,0.081666667,1.964077316,5.257665455,0.0036624775580852797,0.001257861635220126,0.006203840471757187,0.04029860628930822,0.24143633482401233,0.1380869310493295,0.5869303635639412,0.721657823379371,0.6524316133319619,3,22.56666667,0.21,30.54340437,15.55290055,0.006203840471757187
41,50,1,110.5676569,50,c,0.6091237526412396,-0.5847286425168899,1.6970369646193222,0.609,0.081666667,1.964077316,5.257665455,0.001006108523248732,0.00111888113302362,8.869179600886914e-4,0.36530092536577635,0.26760589050997785,0.3178049202743662,0.363364233827044,0.6066889011086475,0.4816604159526885,1,26.05,0.043333333,9.582643125,0.494031259,-0.0014715291362763913
41,50,1,110.5676569,50,c,0.6091237526412396,-0.5847286425168899,1.6970369646193222,0.609,0.081666667,1.964077316,5.257665455,0.001006108523248732,0.00111888113302362,8.869179600886914e-4,0.36530092536577635,0.26760589050997785,0.3178049202743662,0.363364233827044,0.6066889011086475,0.4816604159526885,2,23.83333333,0.07,18.24282403,9.200369979,0.00111888113302362
41,50,1,110.5676569,50,c,0.6091237526412396,-0.5847286425168899,1.6970369646193222,0.609,0.081666667,1.964077316,5.257665455,0.001006108523248732,0.00111888113302362,8.869179600886914e-4,0.36530092536577635,0.26760589050997785,0.3178049202743662,0.363364233827044,0.6066889011086475,0.4816604159526885,3,22.55,0.09,31.92365875,15.23488281,8.869179600886914e-4
42,30,13,5.103122626,30,b,0,0.22208959449724067,-0.26680225139780006,0,0.081666667,1.964077316,5.257665455,NA,0.0021008403361344537,NA,0.05513140945378151,NA,NA,0.4795193688235294,NA,NA,1,25.6,0.04,0.134812992,3.216969817,-0.0016276041796874998
42,30,13,5.103122626,30,b,0,0.22208959449724067,-0.26680225139780006,0,0.081666667,1.964077316,5.257665455,NA,0.0021008403361344537,NA,0.05513140945378151,NA,NA,0.4795193688235294,NA,NA,2,23.8,0.09,11.54737397,4.529097362,0.0021008403361344537
42,30,13,5.103122626,30,b,0,0.22208959449724067,-0.26680225139780006,0,0.081666667,1.964077316,5.257665455,NA,0.0021008403361344537,NA,0.05513140945378151,NA,NA,0.4795193688235294,NA,NA,3,NA,NA,NA,NA,NA
43,10,17,1.300795964,10,a,-0.6091237526412396,0.4910290068352842,-0.3376048037661933,-0.609,0.081666667,1.964077316,5.257665455,0.00237495501962037,4.2016806722689084e-4,0.0044411546995645965,2.224440293109244,-2.1488768257366577,0.09836925028439228,0.06287162546218487,0.43924531774400516,0.24584422650983484,1,25.58333333,0.03,0.923561678,1.615241254,-0.0020195439872338168
43,10,17,1.300795964,10,a,-0.6091237526412396,0.4910290068352842,-0.3376048037661933,-0.609,0.081666667,1.964077316,5.257665455,0.00237495501962037,4.2016806722689084e-4,0.0044411546995645965,2.224440293109244,-2.1488768257366577,0.09836925028439228,0.06287162546218487,0.43924531774400516,0.24584422650983484,2,23.8,0.04,2.419906364,54.55692023,4.2016806722689084e-4
43,10,17,1.300795964,10,a,-0.6091237526412396,0.4910290068352842,-0.3376048037661933,-0.609,0.081666667,1.964077316,5.257665455,0.00237495501962037,4.2016806722689084e-4,0.0044411546995645965,2.224440293109244,-2.1488768257366577,0.09836925028439228,0.06287162546218487,0.43924531774400516,0.24584422650983484,3,22.51666667,0.14,12.31024677,6.17137703,0.0044411546995645965
44,50,2,55.28382845,50,c,0.6091237526412396,-0.517493789432379,0.6676051175150743,0.609,0.081666667,1.964077316,5.257665455,0.001725997842502697,4.2046250881856495e-4,0.003101920235878594,0.19619919631341265,0.15300012813101915,0.17516664028047463,0.2985436670495506,0.42126719594959133,0.35829471277238406,1,25.66666667,0.05,7.663880513,0.01351269,-0.0012337662465930171
44,50,2,55.28382845,50,c,0.6091237526412396,-0.517493789432379,0.6676051175150743,0.609,0.081666667,1.964077316,5.257665455,0.001725997842502697,4.2046250881856495e-4,0.003101920235878594,0.19619919631341265,0.15300012813101915,0.17516664028047463,0.2985436670495506,0.42126719594959133,0.35829471277238406,2,23.78333333,0.06,14.76424406,4.679783575,4.2046250881856495e-4
44,50,2,55.28382845,50,c,0.6091237526412396,-0.517493789432379,0.6676051175150743,0.609,0.081666667,1.964077316,5.257665455,0.001725997842502697,4.2046250881856495e-4,0.003101920235878594,0.19619919631341265,0.15300012813101915,0.17516664028047463,0.2985436670495506,0.42126719594959133,0.35829471277238406,3,22.56666667,0.13,24.27084045,8.132486467,0.003101920235878594
45,10,17,1.300795964,10,a,-0.6091237526412396,0.4910290068352842,-0.3376048037661933,-0.609,0.081666667,1.964077316,5.257665455,7.222824052004332e-4,4.2313117072258547e-4,0.0010362694150945566,-0.1454402690896249,-0.014801765815721426,-0.08170151215601303,0.1513569619254382,0.9112657692951496,0.5221178138244854,1,25.2,0.02,-0.120721738,9.623884069,-0.00244708996031746
45,10,17,1.300795964,10,a,-0.6091237526412396,0.4910290068352842,-0.3376048037661933,-0.609,0.081666667,1.964077316,5.257665455,7.222824052004332e-4,4.2313117072258547e-4,0.0010362694150945566,-0.1454402690896249,-0.014801765815721426,-0.08170151215601303,0.1513569619254382,0.9112657692951496,0.5221178138244854,2,23.63333333,0.03,3.456347795,6.18664571,4.2313117072258547e-4
45,10,17,1.300795964,10,a,-0.6091237526412396,0.4910290068352842,-0.3376048037661933,-0.609,0.081666667,1.964077316,5.257665455,7.222824052004332e-4,4.2313117072258547e-4,0.0010362694150945566,-0.1454402690896249,-0.014801765815721426,-0.08170151215601303,0.1513569619254382,0.9112657692951496,0.5221178138244854,3,22.51666667,0.053333333,23.97501537,5.853359283,0.0010362694150945566
46,50,2,55.28382845,50,c,0.6091237526412396,-0.517493789432379,0.6676051175150743,0.609,0.081666667,1.964077316,5.257665455,6.502890173880267e-4,8.456659619450317e-4,4.447739066634213e-4,NA,NA,0.01835012544930274,0.40297112266384777,0.4343131677441532,0.4182458404420698,1,25.23333333,0.04,4.377857109,8.823019788,-0.0016512549671930323
46,50,2,55.28382845,50,c,0.6091237526412396,-0.517493789432379,0.6676051175150743,0.609,0.081666667,1.964077316,5.257665455,6.502890173880267e-4,8.456659619450317e-4,4.447739066634213e-4,NA,NA,0.01835012544930274,0.40297112266384777,0.4343131677441532,0.4182458404420698,2,23.65,0.06,13.90812416,NA,8.456659619450317e-4
46,50,2,55.28382845,50,c,0.6091237526412396,-0.517493789432379,0.6676051175150743,0.609,0.081666667,1.964077316,5.257665455,6.502890173880267e-4,8.456659619450317e-4,4.447739066634213e-4,NA,NA,0.01835012544930274,0.40297112266384777,0.4343131677441532,0.4182458404420698,3,22.48333333,0.07,23.67293188,9.669572242,4.447739066634213e-4
47,30,4,16.58514854,30,b,0,-0.38302408326335724,-0.05299717536479502,0,0.081666667,1.964077316,5.257665455,0.00108420672200331,8.438818565400846e-4,0.0013382899626262765,1.0217903794514769,-0.18950521960007355,0.43299653021084233,0.2601622631223629,0.37651694122282275,0.3167206447837571,1,25.25,0.03,-0.208661313,3.216969817,-0.0020462046336633664
47,30,4,16.58514854,30,b,0,-0.38302408326335724,-0.05299717536479502,0,0.081666667,1.964077316,5.257665455,0.00108420672200331,8.438818565400846e-4,0.0013382899626262765,1.0217903794514769,-0.18950521960007355,0.43299653021084233,0.2601622631223629,0.37651694122282275,0.3167206447837571,2,23.7,0.05,5.957184323,27.43340181,8.438818565400846e-4
47,30,4,16.58514854,30,b,0,-0.38302408326335724,-0.05299717536479502,0,0.081666667,1.964077316,5.257665455,0.00108420672200331,8.438818565400846e-4,0.0013382899626262765,1.0217903794514769,-0.18950521960007355,0.43299653021084233,0.2601622631223629,0.37651694122282275,0.3167206447837571,3,22.41666667,0.08,14.39743909,23.18532647,0.0013382899626262765
48,10,9,2.457059042,10,a,-0.6091237526412396,-0.046849817840802846,-0.316074203055345,-0.609,0.081666667,1.964077316,5.257665455,6.507592190889371e-4,4.222378607209342e-4,8.921933084175179e-4,0.4283896250427009,-0.3849524533256576,0.0328924827548807,0.13875377212368104,0.5230011400263195,0.32559856963123646,1,25.28333333,0.02,0.00628876,4.178006955,-0.0024390244037493765
48,10,9,2.457059042,10,a,-0.6091237526412396,-0.046849817840802846,-0.316074203055345,-0.609,0.081666667,1.964077316,5.257665455,6.507592190889371e-4,4.222378607209342e-4,8.921933084175179e-4,0.4283896250427009,-0.3849524533256576,0.0328924827548807,0.13875377212368104,0.5230011400263195,0.32559856963123646,2,23.68333333,0.03,3.292440596,14.32370124,4.222378607209342e-4
48,10,9,2.457059042,10,a,-0.6091237526412396,-0.046849817840802846,-0.316074203055345,-0.609,0.081666667,1.964077316,5.257665455,6.507592190889371e-4,4.222378607209342e-4,8.921933084175179e-4,0.4283896250427009,-0.3849524533256576,0.0328924827548807,0.13875377212368104,0.5230011400263195,0.32559856963123646,3,22.41666667,0.05,15.01638282,5.69435041,8.921933084175179e-4
49,10,2,11.05676569,10,a,-0.6091237526412396,-0.517493789432379,-0.15594036016832402,-0.609,0.081666667,1.964077316,5.257665455,6.54783557609692e-4,4.2735042735042746e-4,8.921933084175175e-4,0.2435855104700855,-0.27925582331906973,-0.012224454608059326,0.09613544739316239,0.22902220970572157,0.16115279745644576,1,25.61666667,0.03,0.211368803,5.459389805,-0.0020169160830166666
49,10,2,11.05676569,10,a,-0.6091237526412396,-0.517493789432379,-0.15594036016832402,-0.609,0.081666667,1.964077316,5.257665455,6.54783557609692e-4,4.2735042735042746e-4,8.921933084175175e-4,0.2435855104700855,-0.27925582331906973,-0.012224454608059326,0.09613544739316239,0.22902220970572157,0.16115279745644576,2,23.4,0.04,2.460938272,11.15929075,4.2735042735042746e-4
49,10,2,11.05676569,10,a,-0.6091237526412396,-0.517493789432379,-0.15594036016832402,-0.609,0.081666667,1.964077316,5.257665455,6.54783557609692e-4,4.2735042735042746e-4,8.921933084175175e-4,0.2435855104700855,-0.27925582331906973,-0.012224454608059326,0.09613544739316239,0.22902220970572157,0.16115279745644576,3,22.41666667,0.06,7.594852807,4.899306043,8.921933084175175e-4
51,50,9,12.28529521,50,c,0.6091237526412396,-0.046849817840802846,-0.1330640969200306,0.609,0.081666667,1.964077316,5.257665455,0.0013100436681222707,4.2765502500750614e-4,0.002230483271043794,0.18657298561462196,-0.30461980318146914,-0.053839787685589516,0.3394368602622148,0.48673572407632176,0.4115318281877729,1,25.63333333,0.03,1.817470189,5.139044093,-0.00201560469467043
51,50,9,12.28529521,50,c,0.6091237526412396,-0.046849817840802846,-0.1330640969200306,0.609,0.081666667,1.964077316,5.257665455,0.0013100436681222707,4.2765502500750614e-4,0.002230483271043794,0.18657298561462196,-0.30461980318146914,-0.053839787685589516,0.3394368602622148,0.48673572407632176,0.4115318281877729,2,23.38333333,0.04,9.754635437,9.501742406,4.2765502500750614e-4
51,50,9,12.28529521,50,c,0.6091237526412396,-0.046849817840802846,-0.1330640969200306,0.609,0.081666667,1.964077316,5.257665455,0.0013100436681222707,4.2765502500750614e-4,0.002230483271043794,0.18657298561462196,-0.30461980318146914,-0.053839787685589516,0.3394368602622148,0.48673572407632176,0.4115318281877729,3,22.41666667,0.09,20.66562792,2.673181817,0.002230483271043794
52,50,1,110.5676569,50,c,0.6091237526412396,-0.5847286425168899,1.6970369646193222,0.609,0.081666667,1.964077316,5.257665455,2.1857923497267765e-4,4.282655246252677e-4,0,1.657848754261242,-1.305067207589286,0.20715328878688524,0.35479617644539607,0.33020838437500005,0.34275756349726777,1,25.15,0.03,10.74149797,2.736451248,-0.002054340636182903
52,50,1,110.5676569,50,c,0.6091237526412396,-0.5847286425168899,1.6970369646193222,0.609,0.081666667,1.964077316,5.257665455,2.1857923497267765e-4,4.282655246252677e-4,0,1.657848754261242,-1.305067207589286,0.20715328878688524,0.35479617644539607,0.33020838437500005,0.34275756349726777,2,23.35,0.04,19.02598869,41.44721966,4.282655246252677e-4
52,50,1,110.5676569,50,c,0.6091237526412396,-0.5847286425168899,1.6970369646193222,0.609,0.081666667,1.964077316,5.257665455,2.1857923497267765e-4,4.282655246252677e-4,0,1.657848754261242,-1.305067207589286,0.20715328878688524,0.35479617644539607,0.33020838437500005,0.34275756349726777,3,22.4,0.04,26.4226565,12.21371421,0
53,10,13,1.701040875,10,a,-0.6091237526412396,0.22208959449724067,-0.3301519035315894,-0.609,0.081666667,1.964077316,5.257665455,9.464870695993073e-4,8.565310492505353e-4,0.001040118856023792,0.22162922398286938,-0.5443529410615681,-0.1536936715656129,0.20163523948608134,0.757720178849587,0.47411078674729595,1,25.76666667,0.02,-0.158049715,10.50483478,-0.002393272975110831
53,10,13,1.701040875,10,a,-0.6091237526412396,0.22208959449724067,-0.3301519035315894,-0.609,0.081666667,1.964077316,5.257665455,9.464870695993073e-4,8.565310492505353e-4,0.001040118856023792,0.22162922398286938,-0.5443529410615681,-0.1536936715656129,0.20163523948608134,0.757720178849587,0.47411078674729595,2,23.35,0.04,4.550133127,15.67987716,8.565310492505353e-4
53,10,13,1.701040875,10,a,-0.6091237526412396,0.22208959449724067,-0.3301519035315894,-0.609,0.081666667,1.964077316,5.257665455,9.464870695993073e-4,8.565310492505353e-4,0.001040118856023792,0.22162922398286938,-0.5443529410615681,-0.1536936715656129,0.20163523948608134,0.757720178849587,0.47411078674729595,3,22.43333333,0.063333333,21.54832247,3.468226184,0.001040118856023792
54,30,2,33.17029707,30,b,0,-0.517493789432379,0.25583237867337505,0,0.081666667,1.964077316,5.257665455,6.550218340611354e-4,4.2796005700029106e-4,8.915304607565423e-4,1.2572015581801423,-1.2067848065983335,0.05031449613537118,0.21193752955607165,0.47727087898622156,0.341900662117904,1,25.75,0.03,-0.192816345,5.139044093,-0.002006472504854369
54,30,2,33.17029707,30,b,0,-0.517493789432379,0.25583237867337505,0,0.081666667,1.964077316,5.257665455,6.550218340611354e-4,4.2796005700029106e-4,8.915304607565423e-4,1.2572015581801423,-1.2067848065983335,0.05031449613537118,0.21193752955607165,0.47727087898622156,0.341900662117904,2,23.36666667,0.04,4.759457263,34.51565384,4.2796005700029106e-4
54,30,2,33.17029707,30,b,0,-0.517493789432379,0.25583237867337505,0,0.081666667,1.964077316,5.257665455,6.550218340611354e-4,4.2796005700029106e-4,8.915304607565423e-4,1.2572015581801423,-1.2067848065983335,0.05031449613537118,0.21193752955607165,0.47727087898622156,0.341900662117904,3,22.43333333,0.06,15.46623398,7.443448016,8.915304607565423e-4
55,10,22,1.005160517,10,a,-0.6091237526412396,0.8272032722578386,-0.34310978691962934,-0.609,0.081666667,1.964077316,5.257665455,6.54783557609692e-4,8.55920114000582e-4,4.454342984409801e-4,0.3278709226351112,-0.581587140400891,-0.11776021989685263,0.17991565341228022,0.3771619281069042,0.27656561048551725,1,25.78333333,0.02,-0.137682008,7.11450932,-0.002391725934375142
55,10,22,1.005160517,10,a,-0.6091237526412396,0.8272032722578386,-0.34310978691962934,-0.609,0.081666667,1.964077316,5.257665455,6.54783557609692e-4,8.55920114000582e-4,4.454342984409801e-4,0.3278709226351112,-0.581587140400891,-0.11776021989685263,0.17991565341228022,0.3771619281069042,0.27656561048551725,2,23.36666667,0.04,4.066347094,14.77575988,8.55920114000582e-4
55,10,22,1.005160517,10,a,-0.6091237526412396,0.8272032722578386,-0.34310978691962934,-0.609,0.081666667,1.964077316,5.257665455,6.54783557609692e-4,8.55920114000582e-4,4.454342984409801e-4,0.3278709226351112,-0.581587140400891,-0.11776021989685263,0.17991565341228022,0.3771619281069042,0.27656561048551725,3,22.45,0.05,12.53363238,1.719128578,4.454342984409801e-4
56,30,9,7.371177127,30,b,0,-0.046849817840802846,-0.22456914996906696,0,0.081666667,1.964077316,5.257665455,6.547835577526059e-4,8.553100500150123e-4,4.4576523037827097e-4,0.4523597817608496,0.2543330198000496,0.35539942468612584,0.38538723730369034,0.4617128299497345,0.4227587351942902,1,25.78333333,0.03,-0.125159868,7.061118368,-0.002003878487654024
56,30,9,7.371177127,30,b,0,-0.046849817840802846,-0.22456914996906696,0,0.081666667,1.964077316,5.257665455,6.547835577526059e-4,8.553100500150123e-4,4.4576523037827097e-4,0.4523597817608496,0.2543330198000496,0.35539942468612584,0.38538723730369034,0.4617128299497345,0.4227587351942902,2,23.38333333,0.05,8.886478363,17.63879793,8.553100500150123e-4
56,30,9,7.371177127,30,b,0,-0.046849817840802846,-0.22456914996906696,0,0.081666667,1.964077316,5.257665455,6.547835577526059e-4,8.553100500150123e-4,4.4576523037827097e-4,0.4523597817608496,0.2543330198000496,0.35539942468612584,0.38538723730369034,0.4617128299497345,0.4227587351942902,3,22.43333333,0.06,19.24423618,23.34433534,4.4576523037827097e-4
57,30,13,5.103122626,30,b,0,0.22208959449724067,-0.26680225139780006,0,0.081666667,1.964077316,5.257665455,4.374772146965019e-4,5.706133950683862e-4,2.982848769574944e-4,-0.30110560356617605,-0.14632438859060404,-0.225436041310577,0.5867916564498158,0.6171609409395973,0.6016386161646635,1,25.81666667,0.03,0.814646749,11.86630406,-0.002001291168237406
57,30,13,5.103122626,30,b,0,0.22208959449724067,-0.26680225139780006,0,0.081666667,1.964077316,5.257665455,4.374772146965019e-4,5.706133950683862e-4,2.982848769574944e-4,-0.30110560356617605,-0.14632438859060404,-0.225436041310577,0.5867916564498158,0.6171609409395973,0.6016386161646635,2,23.36666667,0.043333333,14.52601179,4.830469789,5.706133950683862e-4
57,30,13,5.103122626,30,b,0,0.22208959449724067,-0.26680225139780006,0,0.081666667,1.964077316,5.257665455,4.374772146965019e-4,5.706133950683862e-4,2.982848769574944e-4,-0.30110560356617605,-0.14632438859060404,-0.225436041310577,0.5867916564498158,0.6171609409395973,0.6016386161646635,3,22.35,0.05,28.31955882,1.560119704,2.982848769574944e-4
58,50,17,6.503979818,50,c,0.6091237526412396,0.4910290068352842,-0.24071710051151354,0.609,0.081666667,1.964077316,5.257665455,0.0013124316440895054,8.565310492505354e-4,0.001788375558600838,0.11183655713062096,-0.1769239883342885,-0.029438197533398592,0.5276900332334046,0.6986811061551892,0.6113466208668358,1,25.85,0.03,2.5536474240000002,4.178006955,-0.0019987105222437134
58,50,17,6.503979818,50,c,0.6091237526412396,0.4910290068352842,-0.24071710051151354,0.609,0.081666667,1.964077316,5.257665455,0.0013124316440895054,8.565310492505354e-4,0.001788375558600838,0.11183655713062096,-0.1769239883342885,-0.029438197533398592,0.5276900332334046,0.6986811061551892,0.6113466208668358,2,23.35,0.05,14.8752097,6.789390564,8.565310492505354e-4
58,50,17,6.503979818,50,c,0.6091237526412396,0.4910290068352842,-0.24071710051151354,0.609,0.081666667,1.964077316,5.257665455,0.0013124316440895054,8.565310492505354e-4,0.001788375558600838,0.11183655713062096,-0.1769239883342885,-0.029438197533398592,0.5276900332334046,0.6986811061551892,0.6113466208668358,3,22.36666667,0.09,30.50237711,2.832190691,0.001788375558600838
59,50,13,8.505204377,50,c,0.6091237526412396,0.22208959449724067,-0.2034525992640108,0.609,0.081666667,1.964077316,5.257665455,0.0015300546448087434,4.282655246252677e-4,0.002678571428571429,0.029067349807280516,0.11397155955357144,0.07063793556284154,0.49067077306209844,0.6975463593750001,0.5919606776174864,1,25.85,0.03,0.447751119,8.823019788,-0.0019987105222437134
59,50,13,8.505204377,50,c,0.6091237526412396,0.22208959449724067,-0.2034525992640108,0.609,0.081666667,1.964077316,5.257665455,0.0015300546448087434,4.282655246252677e-4,0.002678571428571429,0.029067349807280516,0.11397155955357144,0.07063793556284154,0.49067077306209844,0.6975463593750001,0.5919606776174864,2,23.35,0.04,11.90491367,9.501742406,4.282655246252677e-4
59,50,13,8.505204377,50,c,0.6091237526412396,0.22208959449724067,-0.2034525992640108,0.609,0.081666667,1.964077316,5.257665455,0.0015300546448087434,4.282655246252677e-4,0.002678571428571429,0.029067349807280516,0.11397155955357144,0.07063793556284154,0.49067077306209844,0.6975463593750001,0.5919606776174864,3,22.4,0.1,27.52995212,12.05470534,0.002678571428571429
60,10,1,22.11353138,10,a,-0.6091237526412396,-0.5847286425168899,0.04994600925252557,-0.609,0.081666667,1.964077316,5.257665455,4.374772146965018e-4,4.282655246252676e-4,4.4709388965020964e-4,0.1695577284368308,-0.16531031644332184,0.005725093998853438,0.08269590239828693,0.20134691701917332,0.1407453597928731,1,25.65,0.02,-0.279659079,1.77541411,-0.0024041585575048734
60,10,1,22.11353138,10,a,-0.6091237526412396,-0.5847286425168899,0.04994600925252557,-0.609,0.081666667,1.964077316,5.257665455,4.374772146965018e-4,4.282655246252676e-4,4.4709388965020964e-4,0.1695577284368308,-0.16531031644332184,0.005725093998853438,0.08269590239828693,0.20134691701917332,0.1407453597928731,2,23.35,0.03,1.651290242,5.734587069,4.282655246252676e-4
60,10,1,22.11353138,10,a,-0.6091237526412396,-0.5847286425168899,0.04994600925252557,-0.609,0.081666667,1.964077316,5.257665455,4.374772146965018e-4,4.282655246252676e-4,4.4709388965020964e-4,0.1695577284368308,-0.16531031644332184,0.005725093998853438,0.08269590239828693,0.20134691701917332,0.1407453597928731,3,22.36666667,0.04,6.15474962,2.037146324,4.4709388965020964e-4
61,10,4,5.528382845,10,a,-0.6091237526412396,-0.38302408326335724,-0.2588835448787488,-0.609,0.081666667,1.964077316,5.257665455,8.749544295843898e-4,8.553100500150122e-4,8.955223881933615e-4,-0.08570502736788381,-0.1063233790009438,-0.09577742663445533,0.18281860856490645,0.24524943258884319,0.2133170789228315,1,26,0.02,-0.07469595,5.779735518,-0.0023717948846153844
61,10,4,5.528382845,10,a,-0.6091237526412396,-0.38302408326335724,-0.2588835448787488,-0.609,0.081666667,1.964077316,5.257665455,8.749544295843898e-4,8.553100500150122e-4,8.955223881933615e-4,-0.08570502736788381,-0.1063233790009438,-0.09577742663445533,0.18281860856490645,0.24524943258884319,0.2133170789228315,2,23.38333333,0.04,4.200212513,3.775666295,8.553100500150122e-4
61,10,4,5.528382845,10,a,-0.6091237526412396,-0.38302408326335724,-0.2588835448787488,-0.609,0.081666667,1.964077316,5.257665455,8.749544295843898e-4,8.553100500150122e-4,8.955223881933615e-4,-0.08570502736788381,-0.1063233790009438,-0.09577742663445533,0.18281860856490645,0.24524943258884319,0.2133170789228315,3,22.33333333,0.06,9.67744984,1.401110831,8.955223881933615e-4
62,50,4,27.64191423,50,c,0.6091237526412396,-0.38302408326335724,0.1528891940560546,0.609,0.081666667,1.964077316,5.257665455,0.0010932944607210857,8.553100500150123e-4,0.0013422818791946308,0.6087367954823573,NA,NA,0.344593988602223,0.5287207691275166,0.43457722938298665,1,26.01666667,0.03,2.354605391,1.294895541,-0.0019859064827692625
62,50,4,27.64191423,50,c,0.6091237526412396,-0.38302408326335724,0.1528891940560546,0.609,0.081666667,1.964077316,5.257665455,0.0010932944607210857,8.553100500150123e-4,0.0013422818791946308,0.6087367954823573,NA,NA,0.344593988602223,0.5287207691275166,0.43457722938298665,2,23.38333333,0.05,10.41236149,15.52919094,8.553100500150123e-4
62,50,4,27.64191423,50,c,0.6091237526412396,-0.38302408326335724,0.1528891940560546,0.609,0.081666667,1.964077316,5.257665455,0.0010932944607210857,8.553100500150123e-4,0.0013422818791946308,0.6087367954823573,NA,NA,0.344593988602223,0.5287207691275166,0.43457722938298665,3,22.35,0.08,22.22927068,NA,0.0013422818791946308
63,50,22,5.025802587,50,c,0.6091237526412396,0.8272032722578386,-0.2682420162042105,0.609,0.081666667,1.964077316,5.257665455,8.746355683856215e-4,8.55920114000582e-4,8.94187779300419e-4,0.4765417125711067,-0.4580212015561816,0.019477780077335603,0.5231715937770084,0.7988663578541182,0.6580048202320692,1,26.03333333,0.02,2.783250247,2.736451248,-0.0023687580156682144
63,50,22,5.025802587,50,c,0.6091237526412396,0.8272032722578386,-0.2682420162042105,0.609,0.081666667,1.964077316,5.257665455,8.746355683856215e-4,8.55920114000582e-4,8.94187779300419e-4,0.4765417125711067,-0.4580212015561816,0.019477780077335603,0.5231715937770084,0.7988663578541182,0.6580048202320692,2,23.36666667,0.04,15.00802649,13.8716426,8.55920114000582e-4
63,50,22,5.025802587,50,c,0.6091237526412396,0.8272032722578386,-0.2682420162042105,0.609,0.081666667,1.964077316,5.257665455,8.746355683856215e-4,8.55920114000582e-4,8.94187779300419e-4,0.4765417125711067,-0.4580212015561816,0.019477780077335603,0.5231715937770084,0.7988663578541182,0.6580048202320692,3,22.36666667,0.06,32.87600403,3.627235057,8.94187779300419e-4
64,30,17,3.902387891,30,b,0,0.4910290068352842,-0.2891609521388534,0,0.081666667,1.964077316,5.257665455,0.0013129102844638947,0.001284796573875803,0.0013422818791946308,0.3844561486081371,-0.6047880356152125,-0.09934270297592997,0.38882314119914346,0.5359031391498881,0.4607539498249452,1,26.06666667,0.02,4.472896153,6.10008123,-0.002365728912740955
64,30,17,3.902387891,30,b,0,0.4910290068352842,-0.2891609521388534,0,0.081666667,1.964077316,5.257665455,0.0013129102844638947,0.001284796573875803,0.0013422818791946308,0.3844561486081371,-0.6047880356152125,-0.09934270297592997,0.38882314119914346,0.5359031391498881,0.4607539498249452,2,23.35,0.05,13.5519165,15.0771323,0.001284796573875803
64,30,17,3.902387891,30,b,0,0.4910290068352842,-0.2891609521388534,0,0.081666667,1.964077316,5.257665455,0.0013129102844638947,0.001284796573875803,0.0013422818791946308,0.3844561486081371,-0.6047880356152125,-0.09934270297592997,0.38882314119914346,0.5359031391498881,0.4607539498249452,3,22.35,0.08,25.52935166,1.560119704,0.0013422818791946308
65,30,22,3.015481552,30,b,0,0.8272032722578386,-0.3056759015619199,0,0.081666667,1.964077316,5.257665455,8.749544293930036e-4,0.001279317697228145,4.491017963399546e-4,NA,NA,-0.0015112507107902765,0.8393817818763327,0.3768006255423951,0.6140779448695532,1,26.08333333,0.02,-0.248682935,3.537315529,-0.002364217265477855
65,30,22,3.015481552,30,b,0,0.8272032722578386,-0.3056759015619199,0,0.081666667,1.964077316,5.257665455,8.749544293930036e-4,0.001279317697228145,4.491017963399546e-4,NA,NA,-0.0015112507107902765,0.8393817818763327,0.3768006255423951,0.6140779448695532,2,23.45,0.05,19.43481985,NA,0.001279317697228145
65,30,22,3.015481552,30,b,0,0.8272032722578386,-0.3056759015619199,0,0.081666667,1.964077316,5.257665455,8.749544293930036e-4,0.001279317697228145,4.491017963399546e-4,NA,NA,-0.0015112507107902765,0.8393817818763327,0.3768006255423951,0.6140779448695532,3,22.26666667,0.06,27.82491378,3.468226184,4.491017963399546e-4
66,30,1,66.34059414,30,b,0,-0.5847286425168899,0.8734914869359238,0,0.081666667,1.964077316,5.257665455,4.377964246944763e-4,0,8.975317877184043e-4,-0.0014769971367521314,0.1341869676640519,0.06469692512693886,0.24550097179487182,0.42673577624932474,0.33390335542750116,1,26.03333333,0.03,-0.219152836,3.05679696,-0.0019846350962848445
66,30,1,66.34059414,30,b,0,-0.5847286425168899,0.8734914869359238,0,0.081666667,1.964077316,5.257665455,4.377964246944763e-4,0,8.975317877184043e-4,-0.0014769971367521314,0.1341869676640519,0.06469692512693886,0.24550097179487182,0.42673577624932474,0.33390335542750116,2,23.4,0.03,5.525569904,3.022235227,0
66,30,1,66.34059414,30,b,0,-0.5847286425168899,0.8734914869359238,0,0.081666667,1.964077316,5.257665455,4.377964246944763e-4,0,8.975317877184043e-4,-0.0014769971367521314,0.1341869676640519,0.06469692512693886,0.24550097179487182,0.42673577624932474,0.33390335542750116,3,22.28333333,0.05,15.03466545,6.012368156,8.975317877184043e-4
