bottle,n,p,np,ntrt,nfac,nstand,p.s,np.s,n.s,hrs_1,hrs_2,hrs_3,chla.init,chla_1,chla_2,chla_3,nh4.init,nh4_1,nh4_2,nh4_3,srp.init,srp_1,srp_2,srp_3,growth_1,growth_2,growth_3,day1to3growth,day1to2growth,day2to3growth,day1to2srp,day2to3srp,day1to3srp,day1to2nh4,day2to3nh4,day1to3nh4
1,50,9,12.28529521,50,c,0.6091237526412396,-0.046849817840802846,-0.1330640969200306,0.609,23.7,23.46666667,23.7,0.081666667,0.1,0.1,0.25,1.964077316,2.44670927,11.40672553,46.72713733,5.257665455,10.42474835,49.88564761,17.62001591,7.7355835443038e-4,0,0.006329113924050633,0.003180212013909526,0,0.006329113924050633,1.6815724114088675,-1.36141905907173,0.1525498422507032,0.38181887466167347,1.4903127341772153,0.9388076619831232
2,30,22,3.015481552,30,b,0,0.8272032722578386,-0.3056759015619199,0,23.86666667,23.45,23.65,0.081666667,0.05,0.09,0.13,1.964077316,0.080701655,12.55633064,29.51853414,5.257665455,6.420426943,14.62507366,6.648403649,-0.0013268156562392713,0.0017057569296375264,0.0016913319238900638,0.0016985138004246287,0.0017057569296375264,0.0016913319238900638,0.3498783248187633,-0.33727991589852013,0.004840269766454347,0.5320097648187634,0.7172179069767443,0.6250070591295118
3,30,13,5.103122626,30,b,0,0.22208959449724067,-0.26680225139780006,0,24.08333333,23.43333333,23.61666667,0.081666667,0.05,0.09,0.22,1.964077316,0.629374455,11.20142744,41.41132564,5.257665455,19.23425545,6.940076777,19.21010464,-0.0013148789067563846,0.0017069701282655717,0.005504587155186367,0.0036131774707757703,0.0017069701282655717,0.005504587155186367,-0.5246448936592667,0.5195495212957587,-5.133009564292944e-4,0.45115446599589676,1.279177058393906,0.8667789837407015
4,50,22,5.025802587,50,c,0.6091237526412396,0.8272032722578386,-0.2682420162042105,0.609,23.95,23.46666667,23.55,0.081666667,0.05,0.08,0.23,1.964077316,0.100490944,12.75975821,33.36875127,5.257665455,5.779735518,8.748311338,3.30921731,-0.0013221990396659706,0.0012784090907274987,0.006369426751592357,0.0038284296346098243,0.0012784090907274987,0.006369426751592357,0.12650181049339468,-0.2309594067091295,-0.05254558400194642,0.5394574118267816,0.8751164781316346,0.707584409577626
5,50,1,110.5676569,50,c,0.6091237526412396,-0.5847286425168899,1.6970369646193222,0.609,24.66666667,23.43333333,23.53333333,0.081666667,0.05,0.07,0.15,1.964077316,12.24478243,19.18901416,29.97756283,5.257665455,15.3901069,4.679783575,4.104261677,-0.0012837837971238128,8.534850641327861e-4,0.003399433428243545,0.0021291696241489237,8.534850641327861e-4,0.003399433428243545,-0.4570550494960249,-0.024455604734342145,-0.24029478831657836,0.2963399031715988,0.4584369123878806,0.377560973793834
6,30,1,66.34059414,30,b,0,-0.5847286425168899,0.8734914869359238,0,24.71666667,23.41666667,23.53333333,0.081666667,0.05,0.08,0.19,1.964077316,0.562382544,4.387139148,15.60007673,5.257665455,12.34682263,4.981156002,1.242101958,-0.0012811867968602578,0.0012811387898532184,0.004674220963834875,0.002981895633652822,0.0012811387898532184,0.004674220963834875,-0.3145480410086053,-0.15888331633978514,-0.2365222720340788,0.16333480157105554,0.47647043556323937,0.3202916759531416
7,50,13,8.505204377,50,c,0.6091237526412396,0.22208959449724067,-0.2034525992640108,0.609,24.4,23.43333333,23.53333333,0.081666667,0.063333333,0.1,0.303333333,1.964077316,-0.045270459,10.51446576,31.78656512,5.257665455,5.299216949,6.63870435,3.945252804,-7.513661475409834e-4,0.0015647226318015253,0.008640226615954705,0.005110007097957417,0.0015647226318015253,0.008640226615954705,0.057161624517377205,-0.11445261528533324,-0.02882819329720769,0.45062885720492585,0.9039135706662766,0.6777537739570978
8,10,13,1.701040875,10,a,-0.6091237526412396,0.22208959449724067,-0.3301519035315894,-0.609,24.71666667,23.4,23.55,0.081666667,0.06,0.08,0.21,1.964077316,0.021813753,10.81674149,25.32257687,5.257665455,7.381464081,10.5565459,10.30560773,-8.766014968473903e-4,8.547008547008549e-4,0.005520169851380042,0.003194888178913738,8.547008547008549e-4,0.005520169851380042,0.13568725722222222,-0.010655548619957517,0.06228207985090522,0.4613216981623932,0.6159590394904458,0.5388873933333332
9,10,22,1.005160517,10,a,-0.6091237526412396,0.8272032722578386,-0.34310978691962934,-0.609,24.81666667,23.38333333,23.56666667,0.081666667,0.036666667,0.06,0.14,1.964077316,-0.210525789,2.68092976,13.7594594,5.257665455,3.216969817,16.38307949,3.78624393,-0.0018132975148672534,9.978617107623466e-4,0.0033946251763232503,0.0022009229605963795,9.978617107623466e-4,0.0033946251763232503,0.5630552961458383,-0.5345191891747498,0.012125114227902025,0.12365454951156873,0.4700931954073419,0.2975502702662407
10,10,1,22.11353138,10,a,-0.6091237526412396,-0.5847286425168899,0.04994600925252557,-0.609,25,23.38333333,23.58333333,0.081666667,0.05,0.04,0.09,1.964077316,-0.172664006,0.767211653,9.736383065,5.257665455,4.498352667,7.241449204,4.581288297,-0.0012666666799999997,-4.2765502500750614e-4,0.0021201413430558505,8.516678496595694e-4,-4.2765502500750614e-4,0.0021201413430558505,0.11730990181287385,-0.11279834236223298,0.0017658402415565548,0.04019425484535913,0.3803182224707164,0.21098042027835065
11,30,9,7.371177127,30,b,0,-0.046849817840802846,-0.22456914996906696,0,24.8,23.38333333,23.58333333,0.081666667,0.05,0.07,0.2,1.964077316,-0.285437108,5.352900519,19.81225512,5.257665455,3.857661242,8.597625125,12.53173196,-0.0012768817338709676,8.553100500150123e-4,0.005512367491945212,0.0031937544362233864,8.553100500150123e-4,0.005512367491945212,0.2027069372919041,0.16681725097764202,0.18468567890485246,0.24112634188754475,0.6131175096696986,0.42791395807351507
12,10,2,11.05676569,10,a,-0.6091237526412396,-0.517493789432379,-0.15594036016832402,-0.609,25.05,23.38333333,23.55,0.081666667,0.05,0.06,0.13,1.964077316,0.55608763,1.191877729,7.09599928,5.257665455,3.216969817,12.36478046,7.761465762,-0.0012641384031936125,4.2765502500750587e-4,0.0029723991507431,0.0017045454546665163,4.2765502500750587e-4,0.0029723991507431,0.3912107189296095,-0.19546983855626326,0.09682874883500206,0.027189883068736972,0.25070579834394907,0.13934470846160119
13,10,4,5.528382845,10,a,-0.6091237526412396,-0.38302408326335724,-0.2588835448787488,-0.609,25.13333333,23.4,23.51666667,0.081666667,0.04,0.06,0.16,1.964077316,1.731741218,3.460787932,13.17389377,5.257665455,3.05679696,5.282528429,9.192545622,-0.0016578249471694729,8.547008547008546e-4,0.0042523033303682066,0.0025577264651823997,8.547008547008546e-4,0.0042523033303682066,0.09511672944444446,0.1662657913159085,0.13077972280420752,0.07389088521367522,0.41303072303146265,0.24388247000753943
14,50,4,27.64191423,50,c,0.6091237526412396,-0.38302408326335724,0.1528891940560546,0.609,24.98333333,23.38333333,23.55,0.081666667,0.05,0.08,0.21,1.964077316,1.909272552,13.19375802,25.88991058,5.257665455,1.935586966,4.227724935,13.96281182,-0.0012675116879609753,0.0012829650750225182,0.005520169851380042,0.0034090909093330317,0.0012829650750225182,0.005520169851380042,0.09802443204533494,0.4133794855626327,0.25626189321422316,0.4825866915014379,0.5391147583864118,0.51095109438288
15,10,9,2.457059042,10,a,-0.6091237526412396,-0.046849817840802846,-0.316074203055345,-0.609,25.06666667,23.35,23.53333333,0.081666667,0.04,0.05,0.15,1.964077316,1.095579578,4.44451454,13.12544191,5.257665455,16.51131689,5.583900856,1.878137451,-0.001662234055630022,4.282655246252677e-4,0.004249291785304431,0.0023462495558013684,4.282655246252677e-4,0.004249291785304431,-0.4679835560599572,-0.1574686999514828,-0.31211900689741334,0.14342333884368308,0.36887793362165405,0.2565914468436965
16,10,17,1.300795964,10,a,-0.6091237526412396,0.4910290068352842,-0.3376048037661933,-0.609,25.25,23.35,23.55,0.081666667,0.04,0.05,0.17,1.964077316,-0.255857782,4.296667412,13.30204601,5.257665455,5.779735518,6.18664571,20.00514901,-0.0016501650297029702,4.282655246252677e-4,0.005095541401273886,0.0027718550106609805,4.282655246252677e-4,0.005095541401273886,0.01742656068522483,0.5867729639065817,0.30331372051172706,0.1949689590578158,0.3823939956687898,0.2890811043070362
17,50,2,55.28382845,50,c,0.6091237526412396,-0.517493789432379,0.6676051175150743,0.609,25.03333333,23.4,23.43333333,0.081666667,0.05,0.09,0.16,1.964077316,6.114773324,16.82909688,26.95407542,5.257665455,4.498352667,4.981156002,1.719128578,-0.0012649800401151768,0.0017094017094017092,0.0029871977244647512,0.0023487544485657477,0.0017094017094017092,0.0029871977244647512,0.020632621153846148,-0.1392045842587773,-0.05934286311454396,0.45787707504273517,0.4320758979277489,0.4449673045725955
19,30,4,16.58514854,30,b,0,-0.38302408326335724,-0.05299717536479502,0,25.48333333,23.43333333,23.36666667,0.081666667,0.05,0.08,0.14,1.964077316,0.715952594,8.70723537,15.76418142,5.257665455,7.221291225,3.172921441,6.17137703,-0.0012426422630794822,0.0012802275961991789,0.0025677603420017465,0.0019230769230769234,0.0012802275961991789,0.0025677603420017465,-0.17276115723652363,0.12832192247812813,-0.022434063995726488,0.34102202462887937,0.30200910338059783,0.321543350982906
20,30,17,3.902387891,30,b,0,0.4910290068352842,-0.2891609521388534,0,25.51666667,23.41666667,23.35,0.081666667,0.04,0.09,0.206666667,1.964077316,0.138389647,NA,28.00159756,5.257665455,4.81869838,6.488018137,8.079483509,-0.0016329196732027538,0.002135231316422031,0.00499643113490364,0.003563791881428097,0.002135231316422031,0.00499643113490364,0.0712876764453683,0.06815697524625264,0.0697245572794209,NA,NA,0.5957920437137709
21,50,17,6.503979818,50,c,0.6091237526412396,0.4910290068352842,-0.24071710051151354,0.609,25.23333333,23.56666667,23.21666667,0.081666667,0.04,0.09,0.21,1.964077316,0.425106659,15.1873986,31.02663364,5.257665455,9.784056926,4.679783575,10.30560773,-0.0016512549671930323,0.002121640735202031,0.0051687006453454845,0.003633772710561628,0.002121640735202031,0.0051687006453454845,-0.21658868530175548,0.24231834117123932,0.011148218110274576,0.6264055985394051,0.6822355364418902,0.6541117273239598
22,30,2,33.17029707,30,b,0,-0.517493789432379,0.25583237867337505,0,25.28333333,23.53333333,23.2,0.081666667,0.04,0.073333333,0.17,1.964077316,0.422712992,6.096843963,17.14184987,5.257665455,3.697488386,4.378411148,22.70829985,-0.0016479894662686865,0.0014164305809371714,0.0041666666810344834,0.0027817403710971283,0.0014164305809371714,0.0041666666810344834,0.02893439498993404,0.7900814095689654,0.40679339797480696,0.24111038123811762,0.47607784081896554,0.35775613864178
23,10,1,22.11353138,10,a,-0.6091237526412396,-0.5847286425168899,0.04994600925252557,-0.609,24.6,23.61666667,23.15,0.081666667,0.04,0.04,0.1,1.964077316,-0.159972648,3.00189501,6.932911575,5.257665455,8.502674075,21.10458084,1.401110831,-0.001693766951219512,0,0.0025917926565874735,0.0012829650747481851,0,0.0025917926565874735,0.5336022623805784,-0.8511218146436286,-0.15185096030279038,0.13388289305096926,0.1698063311015119,0.1516653789556903
24,10,22,1.005160517,10,a,-0.6091237526412396,0.8272032722578386,-0.34310978691962934,-0.609,24.65,23.65,23.1,0.081666667,0.03,0.05,0.15,1.964077316,0.343038953,5.467981952,16.25290851,5.257665455,16.19097118,10.70723211,4.899306043,-0.002096010831643002,8.456659619450319e-4,0.004329004329004328,0.0025668449197860962,8.456659619450319e-4,0.004329004329004328,-0.23187057378435513,-0.2514253708658008,-0.24153294410695184,0.21669949255813956,0.46687993757575763,0.34031806539037435
26,50,17,6.503979818,50,c,0.6091237526412396,0.4910290068352842,-0.24071710051151354,0.609,24.76666667,23.65,23,0.081666667,0.04,0.08,0.173333333,1.964077316,0.075717413,17.4497903,32.86530391,5.257665455,3.537315529,5.885273283,24.29838858,-0.0016823687884680526,0.0016913319238900635,0.0040579710000000005,0.002858163622722401,0.0016913319238900635,0.0040579710000000005,0.09927939763213532,0.8005702303043478,0.445039079335477,0.7346331030443976,0.6702397221739131,0.7028850267309754
27,50,13,8.505204377,50,c,0.6091237526412396,0.22208959449724067,-0.2034525992640108,0.609,24.81666667,23.68333333,22.95,0.081666667,0.04,0.08,0.24,1.964077316,-0.279714459,12.59687129,27.85982172,5.257665455,7.541636937,2.570176587,2.355164071,-0.0016789791938644754,0.001688951442883737,0.006971677559912853,0.0042887776986625286,0.001688951442883737,0.006971677559912853,-0.20991387828429467,-0.009368737080610033,-0.11121814581209565,0.543698202004743,0.6650523063180828,0.6034210760760129
28,10,2,11.05676569,10,a,-0.6091237526412396,-0.517493789432379,-0.15594036016832402,-0.609,24.86666667,23.65,22.98333333,0.081666667,0.04,0.05,0.113333333,1.964077316,0.551404903,2.450155981,8.112532225,5.257665455,3.537315529,6.63870435,13.00875858,-0.0016756032303383908,4.2283298097251594e-4,0.0027556200003996546,0.0015725518156949644,4.2283298097251594e-4,0.0027556200003996546,0.13113694803382667,0.27715971998218414,0.20310456865640494,0.0802854578435518,0.24636879962964017,0.16213997117670767
29,30,2,33.17029707,30,b,0,-0.517493789432379,0.25583237867337505,0,24.95,23.76666667,22.81666667,0.081666667,0.04,0.07,0.173333333,1.964077316,0.288501494,7.0742851,14.26902029,5.257665455,1.77541411,10.70723211,1.083093084,-0.0016700066933867735,0.0012622720895845343,0.004528853162230993,0.002862254017479463,0.0012622720895845343,0.004528853162230993,0.3758128190216251,-0.4218030251830821,-0.014861989822560005,0.2855168417271365,0.31532805795247215,0.3001184714275323
30,10,4,5.528382845,10,a,-0.6091237526412396,-0.38302408326335724,-0.2588835448787488,-0.609,24.95,23.78333333,22.81666667,0.081666667,0.04,0.06,0.14,1.964077316,0.068056447,2.537900653,8.213083781,5.257665455,1.294895541,4.679783575,1.401110831,-0.0016700066933867735,8.409250176371302e-4,0.0035062089111020885,0.002145922746781116,8.409250176371302e-4,0.0035062089111020885,0.1423218514845581,-0.1436963948950042,0.002279298068669527,0.1038476891245757,0.24872972069412277,0.1747859942918455
31,30,22,3.015481552,30,b,0,0.8272032722578386,-0.3056759015619199,0,25,23.76666667,22.81666667,0.081666667,0.04,0.07,0.16,1.964077316,-0.136759,13.48992463,27.79567896,5.257665455,5.619562662,59.8309377,9.033536749,-0.00166666668,0.0012622720895845343,0.003944485024989849,0.0025760286221715883,0.0012622720895845343,0.003944485024989849,2.2809835216155703,-2.2263287484402734,0.07328745802886763,0.5733527473249155,0.6269870413985409,0.5996229972666014
32,50,4,27.64191423,50,c,0.6091237526412396,-0.38302408326335724,0.1528891940560546,0.609,25.01666667,23.81666667,22.73333333,0.081666667,0.05,0.07,0.19,1.964077316,2.152614348,13.30013237,13.7594594,5.257665455,8.022155506,15.67987716,17.93803365,-0.001265822797965913,8.397480754597975e-4,0.005278592376140556,0.003007518796992482,8.397480754597975e-4,0.005278592376140556,0.3215278510676658,0.09933239693538602,0.2130156421911923,0.46805534025639534,0.020205001322610737,0.2493414619119227
33,50,9,12.28529521,50,c,0.6091237526412396,-0.046849817840802846,-0.1330640969200306,0.609,25.11666667,23.86666667,22.66666667,0.081666667,0.04,0.08,0.2,1.964077316,0.526717519,14.34142332,24.18232472,5.257665455,6.900945512,5.282528429,6.807412523,-0.0016589250296404877,0.0016759776533972098,0.005294117646280277,0.003438395414980173,0.0016759776533972098,0.005294117646280277,-0.06781077162460743,0.0672742982548126,-0.00201002125329369,0.57882845526832,0.43415741464203567,0.5083583208655648
34,10,13,1.701040875,10,a,-0.6091237526412396,0.22208959449724067,-0.3301519035315894,-0.609,25.11666667,23.86666667,22.63333333,0.081666667,0.03,0.04,0.11,1.964077316,-0.155292998,5.271545236,16.41662351,5.257665455,3.857661242,7.542821631,3.150208437,-0.0020570670335690686,4.1899441334930255e-4,0.0030927835056101306,0.0017204301075268817,4.1899441334930255e-4,0.0030927835056101306,0.15440616152871423,-0.19407716618469473,-0.0152140388172043,0.22738149021963944,0.49241877506515747,0.3563853012473118
35,30,9,7.371177127,30,b,0,-0.046849817840802846,-0.22456914996906696,0,25.1,23.88333333,22.66666667,0.081666667,0.04,0.07,0.15,1.964077316,-0.22294486,7.375595657,19.22211159,5.257665455,3.697488386,6.337331923,14.28082957,-0.001660026573705179,0.0012561060713546558,0.0035294117641868506,0.002363050483351235,0.0012561060713546558,0.0035294117641868506,0.11053078314173494,0.3504484255514046,0.2273542681847476,0.31815242922793474,0.5226404087319646,0.41772409129967775
36,30,17,3.902387891,30,b,0,0.4910290068352842,-0.2891609521388534,0,25.16666667,23.95,22.58333333,0.081666667,0.03,0.07,0.12,1.964077316,-0.19123954,16.0763141,27.73025555,5.257665455,11.22561263,24.26899132,15.55290055,-0.002052980145423446,0.0016701461377870567,0.002214022140548195,0.0019340974213419842,0.0016701461377870567,0.002214022140548195,0.5446087135699375,-0.3859523588761554,0.09299329341640353,0.6792297970772444,0.5160416878990467,0.600032129484243
37,30,4,16.58514854,30,b,0,-0.38302408326335724,-0.05299717536479502,0,25.26666667,23.91666667,22.56666667,0.081666667,0.03,0.06,0.13,1.964077316,4.552328672,10.84894036,16.24989521,5.257665455,6.10008123,11.00860454,4.899306043,-0.0020448548941893333,0.0012543554005220408,0.003101920235878594,0.002151308712491745,0.0012543554005220408,0.003101920235878594,0.20523442408289416,-0.2707222376409568,-0.025832381215370032,0.26327296252776683,0.2393333020325947,0.25165076808151293
38,10,9,2.457059042,10,a,-0.6091237526412396,-0.046849817840802846,-0.316074203055345,-0.609,25.35,23.86666667,22.55,0.081666667,0.03,0.06,0.113333333,1.964077316,1.974713811,2.985913664,13.46690838,5.257665455,6.660686228,9.501742406,40.04026704,-0.0020381328205128202,0.0012569832400479073,0.0023651145454545454,0.0017953321291349852,0.0012569832400479073,0.0023651145454545454,0.11903866665935213,1.3542582986252774,0.719129209542612,0.04236870891866358,0.46478912266075384,0.24758767471830606
39,30,1,66.34059414,30,b,0,-0.5847286425168899,0.8734914869359238,0,25.85,23.86666667,22.55,0.081666667,0.04,0.07,0.12,1.964077316,0.97465324,5.18131755,14.78278676,5.257665455,3.136883389,5.131842216,4.74029717,-0.00161186332688588,0.0012569832400479075,0.002217294900221729,0.0017235188508636608,0.0012569832400479075,0.002217294900221729,0.08358766033748775,-0.017363416674057653,0.034543923466100974,0.1762568844725898,0.4257857742793792,0.29748223021203
40,50,22,5.025802587,50,c,0.6091237526412396,0.8272032722578386,-0.2682420162042105,0.609,25.43333333,23.85,22.56666667,0.081666667,0.04,0.07,0.21,1.964077316,0.259703649,14.25799282,30.54340437,5.257665455,9.1433655,10.10448726,15.55290055,-0.0016382700002147141,0.001257861635220126,0.006203840471757187,0.0036624775580852797,0.001257861635220126,0.006203840471757187,0.04029860628930822,0.24143633482401233,0.1380869310493295,0.5869303635639412,0.721657823379371,0.6524316133319619
41,50,1,110.5676569,50,c,0.6091237526412396,-0.5847286425168899,1.6970369646193222,0.609,26.05,23.83333333,22.55,0.081666667,0.043333333,0.07,0.09,1.964077316,9.582643125,18.24282403,31.92365875,5.257665455,0.494031259,9.200369979,15.23488281,-0.0014715291362763913,0.00111888113302362,8.869179600886914e-4,0.001006108523248732,0.00111888113302362,8.869179600886914e-4,0.36530092536577635,0.26760589050997785,0.3178049202743662,0.363364233827044,0.6066889011086475,0.4816604159526885
42,30,13,5.103122626,30,b,0,0.22208959449724067,-0.26680225139780006,0,25.6,23.8,NA,0.081666667,0.04,0.09,NA,1.964077316,0.134812992,11.54737397,NA,5.257665455,3.216969817,4.529097362,NA,-0.0016276041796874998,0.0021008403361344537,NA,NA,0.0021008403361344537,NA,0.05513140945378151,NA,NA,0.4795193688235294,NA,NA
43,10,17,1.300795964,10,a,-0.6091237526412396,0.4910290068352842,-0.3376048037661933,-0.609,25.58333333,23.8,22.51666667,0.081666667,0.03,0.04,0.14,1.964077316,0.923561678,2.419906364,12.31024677,5.257665455,1.615241254,54.55692023,6.17137703,-0.0020195439872338168,4.2016806722689084e-4,0.0044411546995645965,0.00237495501962037,4.2016806722689084e-4,0.0044411546995645965,2.224440293109244,-2.1488768257366577,0.09836925028439228,0.06287162546218487,0.43924531774400516,0.24584422650983484
44,50,2,55.28382845,50,c,0.6091237526412396,-0.517493789432379,0.6676051175150743,0.609,25.66666667,23.78333333,22.56666667,0.081666667,0.05,0.06,0.13,1.964077316,7.663880513,14.76424406,24.27084045,5.257665455,0.01351269,4.679783575,8.132486467,-0.0012337662465930171,4.2046250881856495e-4,0.003101920235878594,0.001725997842502697,4.2046250881856495e-4,0.003101920235878594,0.19619919631341265,0.15300012813101915,0.17516664028047463,0.2985436670495506,0.42126719594959133,0.35829471277238406
45,10,17,1.300795964,10,a,-0.6091237526412396,0.4910290068352842,-0.3376048037661933,-0.609,25.2,23.63333333,22.51666667,0.081666667,0.02,0.03,0.053333333,1.964077316,-0.120721738,3.456347795,23.97501537,5.257665455,9.623884069,6.18664571,5.853359283,-0.00244708996031746,4.2313117072258547e-4,0.0010362694150945566,7.222824052004332e-4,4.2313117072258547e-4,0.0010362694150945566,-0.1454402690896249,-0.014801765815721426,-0.08170151215601303,0.1513569619254382,0.9112657692951496,0.5221178138244854
46,50,2,55.28382845,50,c,0.6091237526412396,-0.517493789432379,0.6676051175150743,0.609,25.23333333,23.65,22.48333333,0.081666667,0.04,0.06,0.07,1.964077316,4.377857109,13.90812416,23.67293188,5.257665455,8.823019788,NA,9.669572242,-0.0016512549671930323,8.456659619450317e-4,4.447739066634213e-4,6.502890173880267e-4,8.456659619450317e-4,4.447739066634213e-4,NA,NA,0.01835012544930274,0.40297112266384777,0.4343131677441532,0.4182458404420698
47,30,4,16.58514854,30,b,0,-0.38302408326335724,-0.05299717536479502,0,25.25,23.7,22.41666667,0.081666667,0.03,0.05,0.08,1.964077316,-0.208661313,5.957184323,14.39743909,5.257665455,3.216969817,27.43340181,23.18532647,-0.0020462046336633664,8.438818565400846e-4,0.0013382899626262765,0.00108420672200331,8.438818565400846e-4,0.0013382899626262765,1.0217903794514769,-0.18950521960007355,0.43299653021084233,0.2601622631223629,0.37651694122282275,0.3167206447837571
48,10,9,2.457059042,10,a,-0.6091237526412396,-0.046849817840802846,-0.316074203055345,-0.609,25.28333333,23.68333333,22.41666667,0.081666667,0.02,0.03,0.05,1.964077316,0.00628876,3.292440596,15.01638282,5.257665455,4.178006955,14.32370124,5.69435041,-0.0024390244037493765,4.222378607209342e-4,8.921933084175179e-4,6.507592190889371e-4,4.222378607209342e-4,8.921933084175179e-4,0.4283896250427009,-0.3849524533256576,0.0328924827548807,0.13875377212368104,0.5230011400263195,0.32559856963123646
49,10,2,11.05676569,10,a,-0.6091237526412396,-0.517493789432379,-0.15594036016832402,-0.609,25.61666667,23.4,22.41666667,0.081666667,0.03,0.04,0.06,1.964077316,0.211368803,2.460938272,7.594852807,5.257665455,5.459389805,11.15929075,4.899306043,-0.0020169160830166666,4.2735042735042746e-4,8.921933084175175e-4,6.54783557609692e-4,4.2735042735042746e-4,8.921933084175175e-4,0.2435855104700855,-0.27925582331906973,-0.012224454608059326,0.09613544739316239,0.22902220970572157,0.16115279745644576
51,50,9,12.28529521,50,c,0.6091237526412396,-0.046849817840802846,-0.1330640969200306,0.609,25.63333333,23.38333333,22.41666667,0.081666667,0.03,0.04,0.09,1.964077316,1.817470189,9.754635437,20.66562792,5.257665455,5.139044093,9.501742406,2.673181817,-0.00201560469467043,4.2765502500750614e-4,0.002230483271043794,0.0013100436681222707,4.2765502500750614e-4,0.002230483271043794,0.18657298561462196,-0.30461980318146914,-0.053839787685589516,0.3394368602622148,0.48673572407632176,0.4115318281877729
52,50,1,110.5676569,50,c,0.6091237526412396,-0.5847286425168899,1.6970369646193222,0.609,25.15,23.35,22.4,0.081666667,0.03,0.04,0.04,1.964077316,10.74149797,19.02598869,26.4226565,5.257665455,2.736451248,41.44721966,12.21371421,-0.002054340636182903,4.282655246252677e-4,0,2.1857923497267765e-4,4.282655246252677e-4,0,1.657848754261242,-1.305067207589286,0.20715328878688524,0.35479617644539607,0.33020838437500005,0.34275756349726777
53,10,13,1.701040875,10,a,-0.6091237526412396,0.22208959449724067,-0.3301519035315894,-0.609,25.76666667,23.35,22.43333333,0.081666667,0.02,0.04,0.063333333,1.964077316,-0.158049715,4.550133127,21.54832247,5.257665455,10.50483478,15.67987716,3.468226184,-0.002393272975110831,8.565310492505353e-4,0.001040118856023792,9.464870695993073e-4,8.565310492505353e-4,0.001040118856023792,0.22162922398286938,-0.5443529410615681,-0.1536936715656129,0.20163523948608134,0.757720178849587,0.47411078674729595
54,30,2,33.17029707,30,b,0,-0.517493789432379,0.25583237867337505,0,25.75,23.36666667,22.43333333,0.081666667,0.03,0.04,0.06,1.964077316,-0.192816345,4.759457263,15.46623398,5.257665455,5.139044093,34.51565384,7.443448016,-0.002006472504854369,4.2796005700029106e-4,8.915304607565423e-4,6.550218340611354e-4,4.2796005700029106e-4,8.915304607565423e-4,1.2572015581801423,-1.2067848065983335,0.05031449613537118,0.21193752955607165,0.47727087898622156,0.341900662117904
55,10,22,1.005160517,10,a,-0.6091237526412396,0.8272032722578386,-0.34310978691962934,-0.609,25.78333333,23.36666667,22.45,0.081666667,0.02,0.04,0.05,1.964077316,-0.137682008,4.066347094,12.53363238,5.257665455,7.11450932,14.77575988,1.719128578,-0.002391725934375142,8.55920114000582e-4,4.454342984409801e-4,6.54783557609692e-4,8.55920114000582e-4,4.454342984409801e-4,0.3278709226351112,-0.581587140400891,-0.11776021989685263,0.17991565341228022,0.3771619281069042,0.27656561048551725
56,30,9,7.371177127,30,b,0,-0.046849817840802846,-0.22456914996906696,0,25.78333333,23.38333333,22.43333333,0.081666667,0.03,0.05,0.06,1.964077316,-0.125159868,8.886478363,19.24423618,5.257665455,7.061118368,17.63879793,23.34433534,-0.002003878487654024,8.553100500150123e-4,4.4576523037827097e-4,6.547835577526059e-4,8.553100500150123e-4,4.4576523037827097e-4,0.4523597817608496,0.2543330198000496,0.35539942468612584,0.38538723730369034,0.4617128299497345,0.4227587351942902
57,30,13,5.103122626,30,b,0,0.22208959449724067,-0.26680225139780006,0,25.81666667,23.36666667,22.35,0.081666667,0.03,0.043333333,0.05,1.964077316,0.814646749,14.52601179,28.31955882,5.257665455,11.86630406,4.830469789,1.560119704,-0.002001291168237406,5.706133950683862e-4,2.982848769574944e-4,4.374772146965019e-4,5.706133950683862e-4,2.982848769574944e-4,-0.30110560356617605,-0.14632438859060404,-0.225436041310577,0.5867916564498158,0.6171609409395973,0.6016386161646635
58,50,17,6.503979818,50,c,0.6091237526412396,0.4910290068352842,-0.24071710051151354,0.609,25.85,23.35,22.36666667,0.081666667,0.03,0.05,0.09,1.964077316,2.5536474240000002,14.8752097,30.50237711,5.257665455,4.178006955,6.789390564,2.832190691,-0.0019987105222437134,8.565310492505354e-4,0.001788375558600838,0.0013124316440895054,8.565310492505354e-4,0.001788375558600838,0.11183655713062096,-0.1769239883342885,-0.029438197533398592,0.5276900332334046,0.6986811061551892,0.6113466208668358
59,50,13,8.505204377,50,c,0.6091237526412396,0.22208959449724067,-0.2034525992640108,0.609,25.85,23.35,22.4,0.081666667,0.03,0.04,0.1,1.964077316,0.447751119,11.90491367,27.52995212,5.257665455,8.823019788,9.501742406,12.05470534,-0.0019987105222437134,4.282655246252677e-4,0.002678571428571429,0.0015300546448087434,4.282655246252677e-4,0.002678571428571429,0.029067349807280516,0.11397155955357144,0.07063793556284154,0.49067077306209844,0.6975463593750001,0.5919606776174864
60,10,1,22.11353138,10,a,-0.6091237526412396,-0.5847286425168899,0.04994600925252557,-0.609,25.65,23.35,22.36666667,0.081666667,0.02,0.03,0.04,1.964077316,-0.279659079,1.651290242,6.15474962,5.257665455,1.77541411,5.734587069,2.037146324,-0.0024041585575048734,4.282655246252676e-4,4.4709388965020964e-4,4.374772146965018e-4,4.282655246252676e-4,4.4709388965020964e-4,0.1695577284368308,-0.16531031644332184,0.005725093998853438,0.08269590239828693,0.20134691701917332,0.1407453597928731
61,10,4,5.528382845,10,a,-0.6091237526412396,-0.38302408326335724,-0.2588835448787488,-0.609,26,23.38333333,22.33333333,0.081666667,0.02,0.04,0.06,1.964077316,-0.07469595,4.200212513,9.67744984,5.257665455,5.779735518,3.775666295,1.401110831,-0.0023717948846153844,8.553100500150122e-4,8.955223881933615e-4,8.749544295843898e-4,8.553100500150122e-4,8.955223881933615e-4,-0.08570502736788381,-0.1063233790009438,-0.09577742663445533,0.18281860856490645,0.24524943258884319,0.2133170789228315
62,50,4,27.64191423,50,c,0.6091237526412396,-0.38302408326335724,0.1528891940560546,0.609,26.01666667,23.38333333,22.35,0.081666667,0.03,0.05,0.08,1.964077316,2.354605391,10.41236149,22.22927068,5.257665455,1.294895541,15.52919094,NA,-0.0019859064827692625,8.553100500150123e-4,0.0013422818791946308,0.0010932944607210857,8.553100500150123e-4,0.0013422818791946308,0.6087367954823573,NA,NA,0.344593988602223,0.5287207691275166,0.43457722938298665
63,50,22,5.025802587,50,c,0.6091237526412396,0.8272032722578386,-0.2682420162042105,0.609,26.03333333,23.36666667,22.36666667,0.081666667,0.02,0.04,0.06,1.964077316,2.783250247,15.00802649,32.87600403,5.257665455,2.736451248,13.8716426,3.627235057,-0.0023687580156682144,8.55920114000582e-4,8.94187779300419e-4,8.746355683856215e-4,8.55920114000582e-4,8.94187779300419e-4,0.4765417125711067,-0.4580212015561816,0.019477780077335603,0.5231715937770084,0.7988663578541182,0.6580048202320692
64,30,17,3.902387891,30,b,0,0.4910290068352842,-0.2891609521388534,0,26.06666667,23.35,22.35,0.081666667,0.02,0.05,0.08,1.964077316,4.472896153,13.5519165,25.52935166,5.257665455,6.10008123,15.0771323,1.560119704,-0.002365728912740955,0.001284796573875803,0.0013422818791946308,0.0013129102844638947,0.001284796573875803,0.0013422818791946308,0.3844561486081371,-0.6047880356152125,-0.09934270297592997,0.38882314119914346,0.5359031391498881,0.4607539498249452
65,30,22,3.015481552,30,b,0,0.8272032722578386,-0.3056759015619199,0,26.08333333,23.45,22.26666667,0.081666667,0.02,0.05,0.06,1.964077316,-0.248682935,19.43481985,27.82491378,5.257665455,3.537315529,NA,3.468226184,-0.002364217265477855,0.001279317697228145,4.491017963399546e-4,8.749544293930036e-4,0.001279317697228145,4.491017963399546e-4,NA,NA,-0.0015112507107902765,0.8393817818763327,0.3768006255423951,0.6140779448695532
66,30,1,66.34059414,30,b,0,-0.5847286425168899,0.8734914869359238,0,26.03333333,23.4,22.28333333,0.081666667,0.03,0.03,0.05,1.964077316,-0.219152836,5.525569904,15.03466545,5.257665455,3.05679696,3.022235227,6.012368156,-0.0019846350962848445,0,8.975317877184043e-4,4.377964246944763e-4,0,8.975317877184043e-4,-0.0014769971367521314,0.1341869676640519,0.06469692512693886,0.24550097179487182,0.42673577624932474,0.33390335542750116
