Date_poked,Date_collected,Days,Site,Shoot,Flower,Blade,Blade_tin,Growth,Length,Bitten,Width,Rinsed_by,Measured_by,Date_measured,Notes,Epiphyte_tin,Blade_dry_weight,Epiphyte_dry_weight,Bites
5/23/21,6/4/21,12,R1,1,,1,3000,4,56,y,6,Bridget,Bridget,7/7/21,,1454,0.0286,0.0015,0
5/23/21,6/4/21,12,R1,1,,2,3000,27,40,y,6,Bridget,Bridget,7/7/21,,1454,0.0286,0.0015,0
5/23/21,6/4/21,12,R1,1,,3,3000,8.5,8.5,,6,Bridget,Bridget,7/7/21,,1454,0.0286,0.0015,0
5/23/21,6/4/21,12,R1,2,,1,3001,3,27,y,8,Bridget,Bridget,7/7/21,,1578,0.032,0.0029,4
5/23/21,6/4/21,12,R1,2,,2,3001,26,60,,7.5,Bridget,Bridget,7/7/21,,1578,0.032,0.0029,4
5/23/21,6/4/21,12,R1,3,,1,3002,21,61,y,6,Bridget,Bridget,7/7/21,,1778,0.0242,0.0027,1
5/23/21,6/4/21,12,R1,3,,2,3002,28,28,,6,Bridget,Bridget,7/7/21,,1778,0.0242,0.0027,1
5/23/21,6/4/21,12,R1,4,,1,3003,0,48,y,6,Bridget,Bridget,7/7/21,,1616,0.0217,0.0023,0
5/23/21,6/4/21,12,R1,4,,2,3003,20,44.5,,5.5,Bridget,Bridget,7/7/21,,1616,0.0217,0.0023,0
5/23/21,6/4/21,12,R1,5,,1,3004,0,54,y,7,Bridget,Bridget,7/7/21,,1464,0.0431,0.007,5
5/23/21,6/4/21,12,R1,5,,2,3004,24.5,61,y,7,Bridget,Bridget,7/7/21,,1464,0.0431,0.007,5
5/23/21,6/4/21,12,R1,5,,3,3004,27,31,,7,Bridget,Bridget,7/7/21,,1464,0.0431,0.007,5
5/23/21,6/4/21,12,R1,6,,1,3005,4.5,62,y,7,Bridget,Bridget,7/7/21,,1580,0.0362,0.0059,1
5/23/21,6/4/21,12,R1,6,,2,3005,25,48,,7,Bridget,Bridget,7/7/21,,1580,0.0362,0.0059,1
5/23/21,6/4/21,12,R1,7,,1,3006,0,12,y,7,Bridget,Bridget,7/7/21,,1577,0.0256,0.0018,3
5/23/21,6/4/21,12,R1,7,,2,3006,7,19,y,7,Bridget,Bridget,7/7/21,,1577,0.0256,0.0018,3
5/23/21,6/4/21,12,R1,7,,3,3006,19,33,,6.5,Bridget,Bridget,7/7/21,,1577,0.0256,0.0018,3
5/23/21,6/4/21,12,R1,7,,4,3006,11,11,,7,Bridget,Bridget,7/7/21,,1577,0.0256,0.0018,3
5/23/21,6/4/21,12,R1,8,,1,3007,8,37,y,7,Bridget,Bridget,7/7/21,,1443,0.0161,0.0035,1
5/23/21,6/4/21,12,R1,8,,2,3007,18,20.5,,6.5,Bridget,Bridget,7/7/21,,1443,0.0161,0.0035,1
5/23/21,6/4/21,12,R1,9,,1,3008,2,30,y,8,Bridget,Bridget,7/7/21,,1410,0.0434,0.0053,1
5/23/21,6/4/21,12,R1,9,,2,3008,20,63,y,8,Bridget,Bridget,7/7/21,,1410,0.0434,0.0053,1
5/23/21,6/4/21,12,R1,9,,3,3008,21,21,,8,Bridget,Bridget,7/7/21,,1410,0.0434,0.0053,1
5/23/21,6/4/21,12,R1,10,,1,3009,16,75,y,5,Bridget,Bridget,7/7/21,,1900,0.0326,0.0032,0
5/23/21,6/4/21,12,R1,10,,2,3009,38.5,55,y,5,Bridget,Bridget,7/7/21,,1900,0.0326,0.0032,0
5/23/21,6/4/21,12,R2,1,,1,3010,0,25,y,7,Bridget,Bridget,7/7/21,,1891,0.045,0.0047,2
5/23/21,6/4/21,12,R2,1,,2,3010,13,66,,6.5,Bridget,Bridget,7/7/21,,1891,0.045,0.0047,2
5/23/21,6/4/21,12,R2,1,,3,3010,22.5,29,,7,Bridget,Bridget,7/7/21,,1891,0.045,0.0047,2
5/23/21,6/4/21,12,R2,2,,1,3011,0,11,y,5,Bridget,Bridget,7/7/21,,1587,0.0193,0.0013,2
5/23/21,6/4/21,12,R2,2,,2,3011,15,51.5,,5,Bridget,Bridget,7/7/21,,1587,0.0193,0.0013,2
5/23/21,6/4/21,12,R2,2,,3,3011,14,14,,5,Bridget,Bridget,7/7/21,,1587,0.0193,0.0013,2
5/23/21,6/4/21,12,R2,3,,1,3012,0,17,y,6.5,Bridget,Bridget,7/7/21,,1511,0.0161,0.0027,5
5/23/21,6/4/21,12,R2,3,,2,3012,18,44,y,6,Bridget,Bridget,7/7/21,,1511,0.0161,0.0027,5
5/23/21,6/4/21,12,R2,3,,3,3012,3,3,,5,Bridget,Bridget,7/7/21,,1511,0.0161,0.0027,5
5/23/21,6/4/21,12,R2,4,,1,3013,1,13,y,5,Bridget,Bridget,7/7/21,,1551,0.0111,0.0014,2
5/23/21,6/4/21,12,R2,4,,2,3013,13,30,y,4.5,Bridget,Bridget,7/7/21,,1551,0.0111,0.0014,2
5/23/21,6/4/21,12,R2,5,,1,3014,0,12,y,9,Bridget,Bridget,7/7/21,,1810,0.0493,0.0032,6
5/23/21,6/4/21,12,R2,5,,2,3014,14,56,y,9,Bridget,Bridget,7/7/21,,1810,0.0493,0.0032,6
5/23/21,6/4/21,12,R2,5,,3,3014,25,29,,9,Bridget,Bridget,7/7/21,,1810,0.0493,0.0032,6
5/23/21,6/4/21,12,R2,6,,1,3015,0,17,y,10,Bridget,Bridget,7/7/21,,1890,0.0535,0.004,10
5/23/21,6/4/21,12,R2,6,,2,3015,12,61,y,9,Bridget,Bridget,7/7/21,,1890,0.0535,0.004,10
5/23/21,6/4/21,12,R2,6,,3,3015,20,36,y,10,Bridget,Bridget,7/7/21,,1890,0.0535,0.004,10
5/23/21,6/4/21,12,R2,7,,1,3016,0,49,,5,Bridget,Bridget,7/7/21,,1888,0.028,0.0037,0
5/23/21,6/4/21,12,R2,7,,2,3016,10,45.5,,5,Bridget,Bridget,7/7/21,,1888,0.028,0.0037,0
5/23/21,6/4/21,12,R2,7,,3,3016,15,19.5,,5,Bridget,Bridget,7/7/21,,1888,0.028,0.0037,0
5/23/21,6/4/21,12,R2,7,,4,3016,2.5,2.5,,4,Bridget,Bridget,7/7/21,,1888,0.028,0.0037,0
5/23/21,6/4/21,12,R2,8,,1,3017,0,16,y,6,Bridget,Bridget,7/7/21,,1820,0.0165,0.0014,1
5/23/21,6/4/21,12,R2,8,,2,3017,10,23,,5.5,Bridget,Bridget,7/7/21,,1820,0.0165,0.0014,1
5/23/21,6/4/21,12,R2,8,,3,3017,4,4,,5,Bridget,Bridget,7/7/21,,1820,0.0165,0.0014,1
5/23/21,6/4/21,12,R2,9,,1,3018,0,40,y,7,Bridget,Bridget,7/7/21,,1899,0.0487,0.0066,7
5/23/21,6/4/21,12,R2,9,,2,3018,10,41,y,8,Bridget,Bridget,7/7/21,,1899,0.0487,0.0066,7
5/23/21,6/4/21,12,R2,9,,3,3018,21,37,,8,Bridget,Bridget,7/7/21,,1899,0.0487,0.0066,7
5/23/21,6/4/21,12,R2,10,,1,3019,0,36.5,y,5,Bridget,Bridget,7/7/21,,1760,0.0344,0.0033,2
5/23/21,6/4/21,12,R2,10,,2,3019,12,48,y,5,Bridget,Bridget,7/7/21,,1760,0.0344,0.0033,2
5/23/21,6/4/21,12,R2,10,,3,3019,29,35,,5,Bridget,Bridget,7/7/21,,1760,0.0344,0.0033,2
5/23/21,6/4/21,12,R3,1,,1,3020,4,34,y,3.5,Bridget,Bridget,7/7/21,,1508,0.0174,0.0011,0
5/23/21,6/4/21,12,R3,1,,2,3020,20,42,,4,Bridget,Bridget,7/7/21,,1508,0.0174,0.0011,0
5/23/21,6/4/21,12,R3,1,,3,3020,17.5,17.5,,4,Bridget,Bridget,7/7/21,,1508,0.0174,0.0011,0
5/23/21,6/4/21,12,R3,2,,1,3021,0,31,y,9,Bridget,Bridget,7/7/21,,1886,0.0888,0.006,8
5/23/21,6/4/21,12,R3,2,,2,3021,9.5,82,y,9,Bridget,Bridget,7/7/21,,1886,0.0888,0.006,8
5/23/21,6/4/21,12,R3,2,,3,3021,36,65,,9,Bridget,Bridget,7/7/21,,1886,0.0888,0.006,8
5/23/21,6/4/21,12,R3,3,,1,3022,0,48,y,6,Bridget,Bridget,7/7/21,,1441,0.0286,0.0035,2
5/23/21,6/4/21,12,R3,3,,2,3022,25,57,,6,Bridget,Bridget,7/7/21,,1441,0.0286,0.0035,2
5/23/21,6/4/21,12,R3,3,,3,3022,11,11,,6,Bridget,Bridget,7/7/21,,1441,0.0286,0.0035,2
5/23/21,6/4/21,12,R3,4,,1,3023,15,39,y,6.5,Bridget,Bridget,7/7/21,,1413,0.0239,0.0016,0
5/23/21,6/4/21,12,R3,4,,2,3023,26,31,,6.5,Bridget,Bridget,7/7/21,,1413,0.0239,0.0016,0
5/23/21,6/4/21,12,R3,5,,1,3024,2,11,y,6,Bridget,Bridget,7/7/21,,1576,0.02,0.0021,2
5/23/21,6/4/21,12,R3,5,,2,3024,26,61.5,y,5,Bridget,Bridget,7/7/21,,1576,0.02,0.0021,2
5/23/21,6/4/21,12,R3,5,,3,3024,17,17,,5,Bridget,Bridget,7/7/21,,1576,0.02,0.0021,2
5/23/21,6/4/21,12,R3,6,,1,3025,0,30.5,y,5,Bridget,Bridget,7/7/21,,1500,0.0333,0.0032,2
5/23/21,6/4/21,12,R3,6,,2,3025,15,65,y,5,Bridget,Bridget,7/7/21,,1500,0.0333,0.0032,2
5/23/21,6/4/21,12,R3,6,,3,3025,27.5,44,,5,Bridget,Bridget,7/7/21,,1500,0.0333,0.0032,2
5/23/21,6/4/21,12,R3,7,,1,3026,0,12,y,7,Bridget,Bridget,7/7/21,,1468,0.0346,0.003,3
5/23/21,6/4/21,12,R3,7,,2,3026,23,57,,7,Bridget,Bridget,7/7/21,,1468,0.0346,0.003,3
5/23/21,6/4/21,12,R3,7,,3,3026,13,34,y,7,Bridget,Bridget,7/7/21,,1468,0.0346,0.003,3
5/23/21,6/4/21,12,R3,8,,1,3027,1,13,y,5,Bridget,Bridget,7/7/21,,2049,0.0109,0.001,3
5/23/21,6/4/21,12,R3,8,,2,3027,23,30,,5,Bridget,Bridget,7/7/21,,2049,0.0109,0.001,3
5/23/21,6/4/21,12,R3,9,,1,3028,0,68,y,6,Bridget,Bridget,7/7/21,,1470,0.0507,0.0059,4
5/23/21,6/4/21,12,R3,9,,2,3028,30,79,y,6.5,Bridget,Bridget,7/7/21,,1470,0.0507,0.0059,4
5/23/21,6/4/21,12,R3,9,,3,3028,3,3,,6,Bridget,Bridget,7/7/21,,1470,0.0507,0.0059,4
5/23/21,6/4/21,12,R3,10,,1,3029,0,11,y,6,Bridget,Bridget,7/7/21,,1799,0.018,0.0019,0
5/23/21,6/4/21,12,R3,10,,2,3029,22,53,y,5.5,Bridget,Bridget,7/7/21,,1799,0.018,0.0019,0
5/23/21,6/4/21,12,R4,1,,1,3030,0,14,y,5,Bridget,Bridget,7/7/21,,1475,0.0184,0.0022,4
5/23/21,6/4/21,12,R4,1,,2,3030,6,38,y,4.5,Bridget,Bridget,7/7/21,,1475,0.0184,0.0022,4
5/23/21,6/4/21,12,R4,1,,3,3030,16.5,23.5,,4,Bridget,Bridget,7/7/21,,1475,0.0184,0.0022,4
5/23/21,6/4/21,12,R4,2,,1,3031,0,31,,4,Bridget,Bridget,7/7/21,,1622,0.0165,0.0022,5
5/23/21,6/4/21,12,R4,2,,2,3031,9.5,32.5,,4,Bridget,Bridget,7/7/21,,1622,0.0165,0.0022,5
5/23/21,6/4/21,12,R4,2,,3,3031,12,13,,4.5,Bridget,Bridget,7/7/21,,1622,0.0165,0.0022,5
5/23/21,6/4/21,12,R4,3,,1,3032,1,51,y,8,Bridget,Bridget,7/7/21,,1433,0.0663,0.0193,5
5/23/21,6/4/21,12,R4,3,,2,3032,11,56,,8,Bridget,Bridget,7/7/21,,1433,0.0663,0.0193,5
5/23/21,6/4/21,12,R4,3,,3,3032,20,35,,8,Bridget,Bridget,7/7/21,,1433,0.0663,0.0193,5
5/23/21,6/4/21,12,R4,4,,1,3033,0,28.5,y,5.5,Bridget,Bridget,7/7/21,,1809,0.019,0.0025,1
5/23/21,6/4/21,12,R4,4,,2,3033,15,44,,5.5,Bridget,Bridget,7/7/21,,1809,0.019,0.0025,1
5/23/21,6/4/21,12,R4,5,,1,3034,8,61,y,6,Bridget,Bridget,7/7/21,,1997,0.032,0.0044,1
5/23/21,6/4/21,12,R4,5,,2,3034,27,42,,6,Bridget,Bridget,7/7/21,,1997,0.032,0.0044,1
5/23/21,6/4/21,12,R4,6,,1,3035,0,43,y,7,Bridget,Bridget,7/7/21,,1542,0.0488,0.0095,5
5/23/21,6/4/21,12,R4,6,,2,3035,16,53,,7,Bridget,Bridget,7/7/21,,1542,0.0488,0.0095,5
5/23/21,6/4/21,12,R4,6,,3,3035,15,15,,8,Bridget,Bridget,7/7/21,,1542,0.0488,0.0095,5
5/23/21,6/4/21,12,R4,7,,1,3036,2,53,y,6,Bridget,Bridget,7/7/21,,1436,0.0297,0.0033,3
5/23/21,6/4/21,12,R4,7,,2,3036,27,36,y,6,Bridget,Bridget,7/7/21,,1436,0.0297,0.0033,3
5/23/21,6/4/21,12,R4,7,,3,3036,17,17,,6,Bridget,Bridget,7/7/21,,1436,0.0297,0.0033,3
5/23/21,6/4/21,12,R4,8,,1,3037,0,59,y,7,Bridget,Bridget,7/7/21,,1618,0.0597,0.016,5
5/23/21,6/4/21,12,R4,8,,2,3037,27,92,,7,Bridget,Bridget,7/7/21,,1618,0.0597,0.016,5
5/23/21,6/4/21,12,R4,8,,3,3037,21,21,,7,Bridget,Bridget,7/7/21,,1618,0.0597,0.016,5
5/23/21,6/4/21,12,R4,9,,1,3038,0,21,y,5,Bridget,Bridget,7/7/21,,1790,0.0116,0.002,0
5/23/21,6/4/21,12,R4,9,,2,3038,15.5,30,,4.5,Bridget,Bridget,7/7/21,,1790,0.0116,0.002,0
5/23/21,6/4/21,12,R4,10,y,1,3039,0,16,y,6,Bridget,Bridget,7/7/21,,1970,0.0264,0.0031,1
5/23/21,6/4/21,12,R4,10,y,2,3039,12,53,,5,Bridget,Bridget,7/7/21,,1970,0.0264,0.0031,1
5/23/21,6/4/21,12,R4,10,y,3,3039,22,27,,4.5,Bridget,Bridget,7/7/21,,1970,0.0264,0.0031,1
5/23/21,6/4/21,12,R5,1,,1,3041,0,4.5,y,11,Bridget,Bridget,7/8/21,,1554,0.0859,0.0051,5
5/23/21,6/4/21,12,R5,1,,2,3041,26,99,y,10,Bridget,Bridget,7/8/21,,1554,0.0859,0.0051,5
5/23/21,6/4/21,12,R5,1,,3,3041,38,61,y,10,Bridget,Bridget,7/8/21,,1554,0.0859,0.0051,5
5/23/21,6/4/21,12,R5,2,,1,3042,0,25,y,7,Bridget,Bridget,7/8/21,,1814,0.0541,0.0041,5
5/23/21,6/4/21,12,R5,2,,2,3042,13,76,y,7,Bridget,Bridget,7/8/21,,1814,0.0541,0.0041,5
5/23/21,6/4/21,12,R5,2,,3,3042,33,51,y,7,Bridget,Bridget,7/8/21,,1814,0.0541,0.0041,5
5/23/21,6/4/21,12,R5,3,,1,3043,0,6,y,8,Bridget,Bridget,7/8/21,,1558,0.025,0.002,7
5/23/21,6/4/21,12,R5,3,,2,3043,21,55,y,7,Bridget,Bridget,7/8/21,,1558,0.025,0.002,7
5/23/21,6/4/21,12,R5,3,,3,3043,4,4,,7,Bridget,Bridget,7/8/21,,1558,0.025,0.002,7
5/23/21,6/4/21,12,R5,4,,1,3044,0,25,y,7,Bridget,Bridget,7/8/21,,1614,0.0225,0.0031,4
5/23/21,6/4/21,12,R5,4,,2,3044,18,49,,7,Bridget,Bridget,7/8/21,,1614,0.0225,0.0031,4
5/23/21,6/4/21,12,R5,5,,1,3045,7.5,28,y,7,Bridget,Bridget,7/8/21,,1435,0.0211,0.0005,1
5/23/21,6/4/21,12,R5,5,,2,3045,25,35,,7,Bridget,Bridget,7/8/21,,1435,0.0211,0.0005,1
5/23/21,6/4/21,12,R5,6,,1,3046,0,11,y,6,Bridget,Bridget,7/8/21,,1728,0.0171,0.0011,4
5/23/21,6/4/21,12,R5,6,,2,3046,22,53,y,6,Bridget,Bridget,7/8/21,,1728,0.0171,0.0011,4
5/23/21,6/4/21,12,R5,6,,3,3046,7.5,7.5,,6,Bridget,Bridget,7/8/21,,1728,0.0171,0.0011,4
5/23/21,6/4/21,12,R5,7,,1,3047,0,32,y,10,Bridget,Bridget,7/8/21,,1492,0.0696,0.0084,3
5/23/21,6/4/21,12,R5,7,,2,3047,24,78,y,10,Bridget,Bridget,7/8/21,,1492,0.0696,0.0084,3
5/23/21,6/4/21,12,R5,7,,3,3047,32,39,,10,Bridget,Bridget,7/8/21,,1492,0.0696,0.0084,3
5/23/21,6/4/21,12,R5,8,,1,3048,0,45,y,7,Bridget,Bridget,7/8/21,,1439,0.0373,0.0037,2
5/23/21,6/4/21,12,R5,8,,2,3048,21,66,,7,Bridget,Bridget,7/8/21,,1439,0.0373,0.0037,2
5/23/21,6/4/21,12,R5,8,,3,3048,8,8,,7,Bridget,Bridget,7/8/21,,1439,0.0373,0.0037,2
5/23/21,6/4/21,12,R5,9,,1,3049,2.5,12,y,8,Bridget,Bridget,7/8/21,,1527,0.034,0.0028,4
5/23/21,6/4/21,12,R5,9,,2,3049,28,86,,7,Bridget,Bridget,7/8/21,,1527,0.034,0.0028,4
5/23/21,6/4/21,12,R5,9,,3,3049,8,8,,7,Bridget,Bridget,7/8/21,,1527,0.034,0.0028,4
5/23/21,6/4/21,12,R5,10,,1,3050,0,72,y,9,Bridget,Bridget,7/8/21,,1474,0.1021,0.0202,8
5/23/21,6/4/21,12,R5,10,,2,3050,10.5,96,,9,Bridget,Bridget,7/8/21,,1474,0.1021,0.0202,8
5/23/21,6/4/21,12,R5,10,,3,3050,28,74,,8.5,Bridget,Bridget,7/8/21,,1474,0.1021,0.0202,8
5/23/21,6/4/21,12,R5,10,,4,3050,15,15,,9,Bridget,Bridget,7/8/21,,1474,0.1021,0.0202,8
5/23/21,6/4/21,12,R6,1,,1,3051,12,60,y,5.5,Bridget,Bridget,7/8/21,,1976,0.0309,0.0048,2
5/23/21,6/4/21,12,R6,1,,2,3051,30,52.5,,5.5,Bridget,Bridget,7/8/21,,1976,0.0309,0.0048,2
5/23/21,6/4/21,12,R6,1,,3,3051,5.5,5.5,,5.5,Bridget,Bridget,7/8/21,,1976,0.0309,0.0048,2
5/23/21,6/4/21,12,R6,2,,1,3052,6,70,y,5.5,Bridget,Bridget,7/8/21,,1569,0.0457,0.0076,11
5/23/21,6/4/21,12,R6,2,,2,3052,33,98,,5.5,Bridget,Bridget,7/8/21,,1569,0.0457,0.0076,11
5/23/21,6/4/21,12,R6,2,,3,3052,6,6,,5,Bridget,Bridget,7/8/21,,1569,0.0457,0.0076,11
5/23/21,6/4/21,12,R6,3,,1,3053,10,74,,7,Bridget,Bridget,7/8/21,,1600,0.0352,0.0061,9
5/23/21,6/4/21,12,R6,3,,2,3053,6.5,28,,8,Bridget,Bridget,7/8/21,,1600,0.0352,0.0061,9
5/23/21,6/4/21,12,R6,4,,1,3054,12,45,y,7,Bridget,Bridget,7/8/21,,1757,0.0323,0.0027,6
5/23/21,6/4/21,12,R6,4,,2,3054,27,42,y,7,Bridget,Bridget,7/8/21,,1757,0.0323,0.0027,6
5/23/21,6/4/21,12,R6,5,,1,3055,7,73,,8,Bridget,Bridget,7/8/21,,1582,0.0488,0.0078,6
5/23/21,6/4/21,12,R6,5,,2,3055,27,57,,7,Bridget,Bridget,7/8/21,,1582,0.0488,0.0078,6
5/23/21,6/4/21,12,R6,5,,3,3055,7,7,,7.5,Bridget,Bridget,7/8/21,,1582,0.0488,0.0078,6
5/23/21,6/4/21,12,R6,6,,1,3056,0,33,y,7,Bridget,Bridget,7/8/21,,1609,0.0336,0.0086,4
5/23/21,6/4/21,12,R6,6,,2,3056,21,64.5,,6.5,Bridget,Bridget,7/8/21,,1609,0.0336,0.0086,4
5/23/21,6/4/21,12,R6,6,,3,3056,8,8,,7,Bridget,Bridget,7/8/21,,1609,0.0336,0.0086,4
5/23/21,6/4/21,12,R6,7,,1,3057,2,60,y,6,Bridget,Bridget,7/8/21,,1752,0.0497,0.0078,8
5/23/21,6/4/21,12,R6,7,,2,3057,27,75,,7,Bridget,Bridget,7/8/21,,1752,0.0497,0.0078,8
5/23/21,6/4/21,12,R6,7,,3,3057,24,24,,7,Bridget,Bridget,7/8/21,,1752,0.0497,0.0078,8
5/23/21,6/4/21,12,R6,8,,1,3058,0,22,y,7,Bridget,Bridget,7/8/21,,1803,0.0332,0.005,10
5/23/21,6/4/21,12,R6,8,,2,3058,13,53,y,7,Bridget,Bridget,7/8/21,,1803,0.0332,0.005,10
5/23/21,6/4/21,12,R6,8,,3,3058,19,19,,7.5,Bridget,Bridget,7/8/21,,1803,0.0332,0.005,10
5/23/21,6/4/21,12,R6,9,,1,3059,0,7.5,y,5,Bridget,Bridget,7/8/21,,1633,0.0107,0.0027,2
5/23/21,6/4/21,12,R6,9,,2,3059,16,40,,5,Bridget,Bridget,7/8/21,,1633,0.0107,0.0027,2
5/23/21,6/4/21,12,R6,10,,1,3060,0,48,y,6,Bridget,Bridget,7/8/21,,1504,0.0302,0.0047,2
5/23/21,6/4/21,12,R6,10,,2,3060,24,65,,6,Bridget,Bridget,7/8/21,,1504,0.0302,0.0047,2
5/23/21,6/4/21,12,R6,10,,3,3060,5,5,,6,Bridget,Bridget,7/8/21,,1504,0.0302,0.0047,2
5/23/21,6/4/21,12,R7,1,y,1,3062,0,32,y,8,Bridget,Bridget,7/8/21,,1745,0.064,0.0061,8
5/23/21,6/4/21,12,R7,1,y,2,3062,23,81,,9,Bridget,Bridget,7/8/21,,1745,0.064,0.0061,8
5/23/21,6/4/21,12,R7,1,y,3,3062,34,44,,9,Bridget,Bridget,7/8/21,,1745,0.064,0.0061,8
5/23/21,6/4/21,12,R7,2,,1,3063,5.5,74,y,8,Bridget,Bridget,7/8/21,,1570,0.055,0.0051,15
5/23/21,6/4/21,12,R7,2,,2,3063,26,53,y,7,Bridget,Bridget,7/8/21,,1570,0.055,0.0051,15
5/23/21,6/4/21,12,R7,2,,3,3063,5.5,5.5,,8,Bridget,Bridget,7/8/21,,1570,0.055,0.0051,15
5/23/21,6/4/21,12,R7,3,,1,3064,0,15,y,8,Bridget,Bridget,7/8/21,,1517,0.0481,0.0045,4
5/23/21,6/4/21,12,R7,3,,2,3064,15.5,47,y,8,Bridget,Bridget,7/8/21,,1517,0.0481,0.0045,4
5/23/21,6/4/21,12,R7,3,,3,3064,34,49,,8,Bridget,Bridget,7/8/21,,1517,0.0481,0.0045,4
5/23/21,6/4/21,12,R7,4,y,1,3066,0,49,y,9,Bridget,Bridget,7/8/21,,1634,0.0962,0.0082,16
5/23/21,6/4/21,12,R7,4,y,2,3066,1,75,y,9,Bridget,Bridget,7/8/21,,1634,0.0962,0.0082,16
5/23/21,6/4/21,12,R7,4,y,3,3066,24,72,,9,Bridget,Bridget,7/8/21,,1634,0.0962,0.0082,16
5/23/21,6/4/21,12,R7,4,y,4,3066,31,34,,9,Bridget,Bridget,7/8/21,,1634,0.0962,0.0082,16
5/23/21,6/4/21,12,R7,5,,1,3067,3,56,y,6,Bridget,Bridget,7/8/21,,1620,0.038,0.005,3
5/23/21,6/4/21,12,R7,5,,2,3067,26,56,y,6,Bridget,Bridget,7/8/21,,1620,0.038,0.005,3
5/23/21,6/4/21,12,R7,5,,3,3067,7,7,,6.5,Bridget,Bridget,7/8/21,,1620,0.038,0.005,3
5/23/21,6/4/21,12,R7,6,,1,3068,0,50,y,9,Bridget,Bridget,7/8/21,,1934,0.0637,0.0157,12
5/23/21,6/4/21,12,R7,6,,2,3068,14,58,,9,Bridget,Bridget,7/8/21,,1934,0.0637,0.0157,12
5/23/21,6/4/21,12,R7,6,,3,3068,23,30,,9,Bridget,Bridget,7/8/21,,1934,0.0637,0.0157,12
5/23/21,6/4/21,12,R7,7,,1,3069,13,49,,7.5,Bridget,Bridget,7/8/21,,1801,0.0283,0.0028,0
5/23/21,6/4/21,12,R7,7,,2,3069,17.5,17.5,,7,Bridget,Bridget,7/8/21,,1801,0.0283,0.0028,0
5/23/21,6/4/21,12,R7,8,,1,3070,0,19,y,6,Bridget,Bridget,7/8/21,,1507,0.0229,0.0052,2
5/23/21,6/4/21,12,R7,8,,2,3070,8,43,,6,Bridget,Bridget,7/8/21,,1507,0.0229,0.0052,2
5/23/21,6/4/21,12,R7,8,,3,3070,9,9,,6,Bridget,Bridget,7/8/21,,1507,0.0229,0.0052,2
5/23/21,6/4/21,12,R8,1,,1,3071,0,7,y,8,Bridget,Bridget,7/8/21,,1556,0.053,0.0047,6
5/23/21,6/4/21,12,R8,1,,2,3071,9,48,y,8,Bridget,Bridget,7/8/21,,1556,0.053,0.0047,6
5/23/21,6/4/21,12,R8,1,,3,3071,37,81.5,,8,Bridget,Bridget,7/8/21,,1556,0.053,0.0047,6
5/23/21,6/4/21,12,R8,2,,1,3072,0,15,y,7.5,Bridget,Bridget,7/8/21,,1593,0.0218,0.0012,2
5/23/21,6/4/21,12,R8,2,,2,3072,9,33,y,7,Bridget,Bridget,7/8/21,,1593,0.0218,0.0012,2
5/23/21,6/4/21,12,R8,2,,3,3072,20,31,y,6.5,Bridget,Bridget,7/8/21,,1593,0.0218,0.0012,2
5/23/21,6/4/21,12,R8,3,,1,3073,0,20,y,6,Bridget,Bridget,7/8/21,,1746,0.0207,0.0029,3
5/23/21,6/4/21,12,R8,3,,2,3073,10,41,y,6,Bridget,Bridget,7/8/21,,1746,0.0207,0.0029,3
5/23/21,6/4/21,12,R8,3,,3,3073,24,39,,5,Bridget,Bridget,7/8/21,,1746,0.0207,0.0029,3
5/23/21,6/4/21,12,R8,4,,1,3074,0,31,y,8,Bridget,Bridget,7/8/21,,1471,0.0635,0.0029,8
5/23/21,6/4/21,12,R8,4,,2,3074,25,79,y,8.5,Bridget,Bridget,7/8/21,,1471,0.0635,0.0029,8
5/23/21,6/4/21,12,R8,4,,3,3074,42,65,y,8,Bridget,Bridget,7/8/21,,1471,0.0635,0.0029,8
5/23/21,6/4/21,12,R8,5,,1,3075,0,24,y,5,Bridget,Bridget,7/8/21,,1557,0.0217,0.0026,1
5/23/21,6/4/21,12,R8,5,,2,3075,10,38,,5,Bridget,Bridget,7/8/21,,1557,0.0217,0.0026,1
5/23/21,6/4/21,12,R8,5,,3,3075,29,58,y,5,Bridget,Bridget,7/8/21,,1557,0.0217,0.0026,1
5/23/21,6/4/21,12,R8,6,,1,3076,0,25,y,6,Bridget,Bridget,7/8/21,,1885,0.0511,0.0066,9
5/23/21,6/4/21,12,R8,6,,2,3076,17,82,y,6,Bridget,Bridget,7/8/21,,1885,0.0511,0.0066,9
5/23/21,6/4/21,12,R8,6,,3,3076,45,85,y,6,Bridget,Bridget,7/8/21,,1885,0.0511,0.0066,9
5/23/21,6/4/21,12,R8,7,,1,3077,0,30,y,5,Bridget,Bridget,7/8/21,,1466,0.0155,0.0015,1
5/23/21,6/4/21,12,R8,7,,2,3077,28,57,y,5,Bridget,Bridget,7/8/21,,1466,0.0155,0.0015,1
5/23/21,6/4/21,12,R8,7,,3,3077,2,2,,5,Bridget,Bridget,7/8/21,,1466,0.0155,0.0015,1
5/23/21,6/4/21,12,R9,1,,1,3078,9,23,y,4,Bridget,Bridget,7/8/21,,2019,0.0187,0.0007,2
5/23/21,6/4/21,12,R9,1,,2,3078,28,51.5,,4.5,Bridget,Bridget,7/8/21,,2019,0.0187,0.0007,2
5/23/21,6/4/21,12,R9,1,,3,3078,22,22,,5,Bridget,Bridget,7/8/21,,2019,0.0187,0.0007,2
5/23/21,6/4/21,12,R9,2,,1,3079,0,5,y,8.5,Bridget,Bridget,7/8/21,,1788,0.0551,0.0042,8
5/23/21,6/4/21,12,R9,2,,2,3079,5,48,y,8,Bridget,Bridget,7/8/21,,1788,0.0551,0.0042,8
5/23/21,6/4/21,12,R9,2,,3,3079,43,85,,8,Bridget,Bridget,7/8/21,,1788,0.0551,0.0042,8
5/23/21,6/4/21,12,R9,3,,1,3080,7,16,y,7,Bridget,Bridget,7/8/21,,1961,0.0203,0.001,2
5/23/21,6/4/21,12,R9,3,,2,3080,23,48,,7,Bridget,Bridget,7/8/21,,1961,0.0203,0.001,2
5/23/21,6/4/21,12,R9,4,,1,3081,16,83,,7,Bridget,Bridget,7/8/21,,2026,0.0328,0.0044,1
5/23/21,6/4/21,12,R9,4,,2,3081,33,33,,6,Bridget,Bridget,7/8/21,,2026,0.0328,0.0044,1
5/23/21,6/4/21,12,R9,5,,1,3082,2,12,y,7,Bridget,Bridget,7/8/21,,1499,0.013,0.0009,1
5/23/21,6/4/21,12,R9,5,,2,3082,21,30,y,6.5,Bridget,Bridget,7/8/21,,1499,0.013,0.0009,1
5/23/21,6/4/21,12,R9,6,,1,3083,0,39,y,6,Bridget,Bridget,7/8/21,,1481,0.0272,0.0032,2
5/23/21,6/4/21,12,R9,6,,2,3083,18,48,,6,Bridget,Bridget,7/8/21,,1481,0.0272,0.0032,2
5/23/21,6/4/21,12,R9,6,,3,3083,4,4,,6,Bridget,Bridget,7/8/21,,1481,0.0272,0.0032,2
5/23/21,6/4/21,12,R9,7,,1,3084,0,9,y,7,Bridget,Bridget,7/8/21,,1501,0.0337,0.0022,2
5/23/21,6/4/21,12,R9,7,,2,3084,19,68,,7,Bridget,Bridget,7/8/21,,1501,0.0337,0.0022,2
5/23/21,6/4/21,12,R9,7,,3,3084,30,30,,7,Bridget,Bridget,7/8/21,,1501,0.0337,0.0022,2
5/23/21,6/4/21,12,R9,8,,1,3085,1.5,1.5,,5,Bridget,Bridget,7/8/21,,1534,0.0228,0.0008,1
5/23/21,6/4/21,12,R9,8,,2,3085,21,54,,5.5,Bridget,Bridget,7/8/21,,1534,0.0228,0.0008,1
5/23/21,6/4/21,12,R9,8,,3,3085,0,24,y,6,Bridget,Bridget,7/8/21,,1534,0.0228,0.0008,1
5/23/21,6/4/21,12,R9,9,,1,3086,0,12,y,7,Bridget,Bridget,7/8/21,,1448,0.0249,0.0014,2
5/23/21,6/4/21,12,R9,9,,2,3086,26,59,y,7,Bridget,Bridget,7/8/21,,1448,0.0249,0.0014,2
5/23/21,6/4/21,12,R10,1,,1,3087,1.5,1.5,,6.5,Bridget,Bridget,7/8/21,,1424,0.054,0.0045,5
5/23/21,6/4/21,12,R10,1,,2,3087,6,48,y,8,Bridget,Bridget,7/8/21,,1424,0.054,0.0045,5
5/23/21,6/4/21,12,R10,1,,3,3087,38,80,,8,Bridget,Bridget,7/8/21,,1424,0.054,0.0045,5
5/23/21,6/4/21,12,R10,2,,1,3088,0,26,y,9,Bridget,Bridget,7/8/21,,1977,0.0468,0.0041,1
5/23/21,6/4/21,12,R10,2,,2,3088,45,50,y,9,Bridget,Bridget,7/8/21,,1977,0.0468,0.0041,1
5/23/21,6/4/21,12,R10,2,,3,3088,50,51,,8.5,Bridget,Bridget,7/8/21,,1977,0.0468,0.0041,1
5/23/21,6/4/21,12,R10,3,,1,3089,0,34,y,5.5,Bridget,Bridget,7/8/21,,2029,0.0314,0.0022,0
5/23/21,6/4/21,12,R10,3,,2,3089,28,81,,5,Bridget,Bridget,7/8/21,,2029,0.0314,0.0022,0
5/23/21,6/4/21,12,R10,3,,3,3089,3,3,,5,Bridget,Bridget,7/8/21,,2029,0.0314,0.0022,0
5/23/21,6/4/21,12,R10,4,,1,3090,0,31.5,y,5,Bridget,Bridget,7/8/21,,1518,0.0248,0.0032,3
5/23/21,6/4/21,12,R10,4,,2,3090,30,83,y,5,Bridget,Bridget,7/8/21,,1518,0.0248,0.0032,3
5/23/21,6/4/21,12,R10,5,,1,3091,36,66,,7.5,Bridget,Bridget,7/8/21,,2093,0.0565,0.0027,2
5/23/21,6/4/21,12,R10,5,,2,3091,21,62,y,8,Bridget,Bridget,7/8/21,,2093,0.0565,0.0027,2
5/23/21,6/4/21,12,R10,6,,1,3092,0,12,y,7,Bridget,Bridget,7/8/21,,1535,0.0166,0.0017,3
5/23/21,6/4/21,12,R10,6,,2,3092,32,43,y,6,Bridget,Bridget,7/8/21,,1535,0.0166,0.0017,3
5/23/21,6/4/21,12,R10,6,,3,3092,18,18,,6,Bridget,Bridget,7/8/21,,1535,0.0166,0.0017,3
5/23/21,6/4/21,12,R10,7,,1,3093,0,23,y,8,Bridget,Bridget,7/8/21,,2020,0.035,0.0033,2
5/23/21,6/4/21,12,R10,7,,2,3093,36,65,y,6.5,Bridget,Bridget,7/8/21,,2020,0.035,0.0033,2
5/23/21,6/4/21,12,R10,7,,3,3093,63,64,,6,Bridget,Bridget,7/8/21,,2020,0.035,0.0033,2
5/23/21,6/4/21,12,R10,8,,1,3094,0,21,y,7,Bridget,Bridget,7/8/21,,2048,0.0277,0.0009,1
5/23/21,6/4/21,12,R10,8,,2,3094,49,55,y,7,Bridget,Bridget,7/8/21,,2048,0.0277,0.0009,1
5/23/21,6/4/21,12,R10,8,,3,3094,35,35,,6.5,Bridget,Bridget,7/8/21,,2048,0.0277,0.0009,1
5/23/21,6/4/21,12,R11,1,,1,3095,9,62,,5,Bridget,Bridget,7/8/21,,1925,0.0223,0.0019,0
5/23/21,6/4/21,12,R11,1,,2,3095,22,38,,5,Bridget,Bridget,7/8/21,,1925,0.0223,0.0019,0
5/23/21,6/4/21,12,R11,2,,1,3096,0,66,,6,Bridget,Bridget,7/8/21,,1813,0.0424,0.0038,4
5/23/21,6/4/21,12,R11,2,,2,3096,18,56,,6,Bridget,Bridget,7/8/21,,1813,0.0424,0.0038,4
5/23/21,6/4/21,12,R11,2,,3,3096,17,17,,6,Bridget,Bridget,7/8/21,,1813,0.0424,0.0038,4
5/23/21,6/4/21,12,R11,3,,1,3097,10,59,,6,Bridget,Bridget,7/8/21,,1963,0.0326,0.0016,0
5/23/21,6/4/21,12,R11,3,,2,3097,36,49,,6,Bridget,Bridget,7/8/21,,1963,0.0326,0.0016,0
5/23/21,6/4/21,12,R11,3,,3,3097,16,16,,6,Bridget,Bridget,7/8/21,,1963,0.0326,0.0016,0
5/23/21,6/4/21,12,R11,4,,1,3098,14,72,,6,Bridget,Bridget,7/8/21,,1515,0.0231,0.0024,1
5/23/21,6/4/21,12,R11,4,,2,3098,22,32.5,,5.5,Bridget,Bridget,7/8/21,,1515,0.0231,0.0024,1
5/23/21,6/4/21,12,R11,5,,1,3099,13,55.5,,3,Bridget,Bridget,7/8/21,,1584,0.0099,0.0013,0
5/23/21,6/4/21,12,R11,5,,2,3099,24,24,,3,Bridget,Bridget,7/8/21,,1584,0.0099,0.0013,0
5/23/21,6/4/21,12,R11,6,,1,3100,0,90,,8,Bridget,Bridget,7/8/21,,1630,0.0639,0.0143,2
5/23/21,6/4/21,12,R11,6,,2,3100,20,72,,8,Bridget,Bridget,7/8/21,,1630,0.0639,0.0143,2
5/23/21,6/4/21,12,R11,6,,3,3100,16,16,,8,Bridget,Bridget,7/8/21,,1630,0.0639,0.0143,2
5/23/21,6/4/21,12,R11,7,,1,3101,0,21,,4.5,Bridget,Bridget,7/8/21,,1479,0.0222,0.0019,0
5/23/21,6/4/21,12,R11,7,,2,3101,13,47,,5,Bridget,Bridget,7/8/21,,1479,0.0222,0.0019,0
5/23/21,6/4/21,12,R11,7,,3,3101,23,28,,5,Bridget,Bridget,7/8/21,,1479,0.0222,0.0019,0
5/23/21,6/4/21,12,R11,8,y,1,3103,17,39,,5,Bridget,Bridget,7/8/21,,1529,0.0105,0.0012,0
5/23/21,6/4/21,12,R11,8,y,2,3103,11,11,,4.5,Bridget,Bridget,7/8/21,,1529,0.0105,0.0012,0
5/23/21,6/4/21,12,R11,9,,1,3104,0,76,,7,Bridget,Bridget,7/8/21,,1743,0.052,0.0089,0
5/23/21,6/4/21,12,R11,9,,2,3104,17,79.5,,7,Bridget,Bridget,7/8/21,,1743,0.052,0.0089,0
5/23/21,6/4/21,12,R11,9,,3,3104,27,27,,7,Bridget,Bridget,7/8/21,,1743,0.052,0.0089,0
5/23/21,6/4/21,12,R12,1,,1,3105,0,25.5,y,5,Bridget,Bridget,7/13/21,,1458,0.0165,0.0018,1
5/23/21,6/4/21,12,R12,1,,2,3105,13.5,37,,4.5,Bridget,Bridget,7/13/21,,1458,0.0165,0.0018,1
5/23/21,6/4/21,12,R12,1,,3,3105,8,8,,5,Bridget,Bridget,7/13/21,,1458,0.0165,0.0018,1
5/23/21,6/4/21,12,R12,2,,1,3106,1,20,y,5,Bridget,Bridget,7/13/21,,1965,0.0106,0.0017,1
5/23/21,6/4/21,12,R12,2,,2,3106,15,29,,5,Bridget,Bridget,7/13/21,,1965,0.0106,0.0017,1
5/23/21,6/4/21,12,R12,3,,1,3107,3,15,y,4.5,Bridget,Bridget,7/13/21,,1617,0.0074,0.0009,1
5/23/21,6/4/21,12,R12,3,,2,3107,9,16,,4.5,Bridget,Bridget,7/13/21,,1617,0.0074,0.0009,1
5/23/21,6/4/21,12,R12,3,,3,3107,4.5,4.5,,4.5,Bridget,Bridget,7/13/21,,1617,0.0074,0.0009,1
5/23/21,6/4/21,12,R12,4,,1,3108,0,14,y,7,Bridget,Bridget,7/13/21,,1447,0.0245,0.0024,1
5/23/21,6/4/21,12,R12,4,,2,3108,6,38,y,6,Bridget,Bridget,7/13/21,,1447,0.0245,0.0024,1
5/23/21,6/4/21,12,R12,4,,3,3108,17,35,,6,Bridget,Bridget,7/13/21,,1447,0.0245,0.0024,1
5/23/21,6/4/21,12,R12,4,,4,3108,7,7,,6,Bridget,Bridget,7/13/21,,1447,0.0245,0.0024,1
5/23/21,6/4/21,12,R12,5,,1,3109,11,39.5,,5.5,Bridget,Bridget,7/13/21,,1430,0.0121,0.0014,0
5/23/21,6/4/21,12,R12,5,,2,3109,5,5,,5,Bridget,Bridget,7/13/21,,1430,0.0121,0.0014,0
5/23/21,6/4/21,12,R12,6,,1,3110,0,16.5,y,4.5,Bridget,Bridget,7/13/21,,1621,0.0126,0.0018,2
5/23/21,6/4/21,12,R12,6,,2,3110,12,36,,4.5,Bridget,Bridget,7/13/21,,1621,0.0126,0.0018,2
5/23/21,6/4/21,12,R12,6,,3,3110,4,4,,5,Bridget,Bridget,7/13/21,,1621,0.0126,0.0018,2
5/23/21,6/4/21,12,R12,7,,1,3111,1,29,y,4.5,Bridget,Bridget,7/13/21,,2012,0.0202,0.0018,2
5/23/21,6/4/21,12,R12,7,,2,3111,7,32,y,5,Bridget,Bridget,7/13/21,,2012,0.0202,0.0018,2
5/23/21,6/4/21,12,R12,7,,3,3111,19.5,24,,5,Bridget,Bridget,7/13/21,,2012,0.0202,0.0018,2
5/23/21,6/4/21,12,R12,8,,1,3112,0,13,y,6,Bridget,Bridget,7/13/21,,1567,0.0078,0.0011,2
5/23/21,6/4/21,12,R12,8,,2,3112,13,23,,5.5,Bridget,Bridget,7/13/21,,1567,0.0078,0.0011,2
5/23/21,6/4/21,12,R13,1,,1,3113,0,26,y,4.5,Bridget,Bridget,7/13/21,,1798,0.0264,0.0042,2
5/23/21,6/4/21,12,R13,1,,2,3113,6,43,y,5,Bridget,Bridget,7/13/21,,1798,0.0264,0.0042,2
5/23/21,6/4/21,12,R13,1,,3,3113,24.5,43,,4.5,Bridget,Bridget,7/13/21,,1798,0.0264,0.0042,2
5/23/21,6/4/21,12,R13,2,,1,3114,2,28,y,7,Bridget,Bridget,7/13/21,,1638,0.0596,0.009,6
5/23/21,6/4/21,12,R13,2,,2,3114,15.5,59,y,7,Bridget,Bridget,7/13/21,,1638,0.0596,0.009,6
5/23/21,6/4/21,12,R13,2,,3,3114,30.5,56,,7,Bridget,Bridget,7/13/21,,1638,0.0596,0.009,6
5/23/21,6/4/21,12,R13,3,,1,3115,0,90,y,8,Bridget,Bridget,7/13/21,,1418,0.1024,0.0155,10
5/23/21,6/4/21,12,R13,3,,2,3115,21,92,,8.5,Bridget,Bridget,7/13/21,,1418,0.1024,0.0155,10
5/23/21,6/4/21,12,R13,3,,3,3115,31,47,,8.5,Bridget,Bridget,7/13/21,,1418,0.1024,0.0155,10
5/23/21,6/4/21,12,R13,4,,1,3116,0,19,y,5,Bridget,Bridget,7/13/21,,1780,0.0339,0.005,1
5/23/21,6/4/21,12,R13,4,,2,3116,19,70,y,5.5,Bridget,Bridget,7/13/21,,1780,0.0339,0.005,1
5/23/21,6/4/21,12,R13,4,,3,3116,23.5,23.5,,5.5,Bridget,Bridget,7/13/21,,1780,0.0339,0.005,1
5/23/21,6/4/21,12,R13,5,,1,3117,8,60,y,6,Bridget,Bridget,7/13/21,,1509,0.0176,0.0023,1
5/23/21,6/4/21,12,R13,5,,2,3117,7,7,,5,Bridget,Bridget,7/13/21,,1509,0.0176,0.0023,1
5/23/21,6/4/21,12,R13,6,,1,3118,0,18,y,8,Bridget,Bridget,7/13/21,,1601,0.047,0.0061,9
5/23/21,6/4/21,12,R13,6,,2,3118,20,84,,7,Bridget,Bridget,7/13/21,,1601,0.047,0.0061,9
5/23/21,6/4/21,12,R13,6,,3,3118,21,21,,7.5,Bridget,Bridget,7/13/21,,1601,0.047,0.0061,9
5/23/21,6/4/21,12,R13,7,,1,3119,4,30,y,6,Bridget,Bridget,7/13/21,,1472,0.0314,0.0058,1
5/23/21,6/4/21,12,R13,7,,2,3119,23,60,y,6,Bridget,Bridget,7/13/21,,1472,0.0314,0.0058,1
5/23/21,6/4/21,12,R13,7,,3,3119,6.5,6.5,,6,Bridget,Bridget,7/13/21,,1472,0.0314,0.0058,1
5/23/21,6/4/21,12,R13,8,,1,3120,0,27,y,6,Bridget,Bridget,7/13/21,,2039,0.0467,0.0034,3
5/23/21,6/4/21,12,R13,8,,2,3120,24,57,y,6.5,Bridget,Bridget,7/13/21,,2039,0.0467,0.0034,3
5/23/21,6/4/21,12,R13,8,,3,3120,35.5,35.5,,6,Bridget,Bridget,7/13/21,,2039,0.0467,0.0034,3
5/23/21,6/4/21,12,R13,9,,1,3121,0,46,y,5,Bridget,Bridget,7/13/21,,1596,0.0397,0.0058,4
5/23/21,6/4/21,12,R13,9,,2,3121,22,60,y,6,Bridget,Bridget,7/13/21,,1596,0.0397,0.0058,4
5/23/21,6/4/21,12,R13,9,,3,3121,12,12,,6,Bridget,Bridget,7/13/21,,1596,0.0397,0.0058,4
5/23/21,6/4/21,12,R13,10,,1,3122,9,60,y,6,Bridget,Bridget,7/13/21,,1537,0.0365,0.0056,0
5/23/21,6/4/21,12,R13,10,,2,3122,34,48,,5.5,Bridget,Bridget,7/13/21,,1537,0.0365,0.0056,0
5/23/21,6/4/21,12,R14,1,,1,3123,13,46,y,6.5,Bridget,Bridget,7/13/21,,1463,0.0163,0.0016,2
5/23/21,6/4/21,12,R14,1,,2,3123,8,8,,6,Bridget,Bridget,7/13/21,,1463,0.0163,0.0016,2
5/23/21,6/4/21,12,R14,2,,1,3124,0,22,y,7.5,Bridget,Bridget,7/13/21,,1545,0.0403,0.0062,14
5/23/21,6/4/21,12,R14,2,,2,3124,11,50,,6,Bridget,Bridget,7/13/21,,1545,0.0403,0.0062,14
5/23/21,6/4/21,12,R14,2,,3,3124,17,34,,7,Bridget,Bridget,7/13/21,,1545,0.0403,0.0062,14
5/23/21,6/4/21,12,R14,2,,4,3124,3,3,,6,Bridget,Bridget,7/13/21,,1545,0.0403,0.0062,14
5/23/21,6/4/21,12,R14,3,,1,3125,4,37,y,6,Bridget,Bridget,7/13/21,,1773,0.037,0.0073,11
5/23/21,6/4/21,12,R14,3,,2,3125,14.5,60,y,5.5,Bridget,Bridget,7/13/21,,1773,0.037,0.0073,11
5/23/21,6/4/21,12,R14,3,,3,3125,25,28,,6,Bridget,Bridget,7/13/21,,1773,0.037,0.0073,11
5/23/21,6/4/21,12,R14,4,,1,3126,0,4,y,9,Bridget,Bridget,7/13/21,,1465,0.051,0.0081,17
5/23/21,6/4/21,12,R14,4,,2,3126,5,40,y,9.5,Bridget,Bridget,7/13/21,,1465,0.051,0.0081,17
5/23/21,6/4/21,12,R14,4,,3,3126,24,45,,9,Bridget,Bridget,7/13/21,,1465,0.051,0.0081,17
5/23/21,6/4/21,12,R14,5,,1,3127,0,15,y,7,Bridget,Bridget,7/13/21,,1497,0.0374,0.005,4
5/23/21,6/4/21,12,R14,5,,2,3127,24,75,y,7,Bridget,Bridget,7/13/21,,1497,0.0374,0.005,4
5/23/21,6/4/21,12,R14,5,,3,3127,16,16,,7,Bridget,Bridget,7/13/21,,1497,0.0374,0.005,4
5/23/21,6/4/21,12,R14,6,,1,3128,8,14,y,5,Bridget,Bridget,7/13/21,,1983,0.0065,0.0002,1
5/23/21,6/4/21,12,R14,6,,2,3128,7,7,,5.5,Bridget,Bridget,7/13/21,,1983,0.0065,0.0002,1
5/23/21,6/4/21,12,R15,1,,1,3129,8,17,y,4.5,Bridget,Bridget,7/13/21,,1610,0.0086,0.001,2
5/23/21,6/4/21,12,R15,1,,2,3129,18,37,y,4,Bridget,Bridget,7/13/21,,1610,0.0086,0.001,2
5/23/21,6/4/21,12,R15 ,2,,1,3130,0,15,y,5,Bridget,Bridget,7/13/21,,1514,0.0114,0.0016,3
5/23/21,6/4/21,12,R15 ,2,,2,3130,22,36,y,5,Bridget,Bridget,7/13/21,,1514,0.0114,0.0016,3
5/23/21,6/4/21,12,R15,3,,1,3131,0,14,y,4,Bridget,Bridget,7/13/21,,1493,0.0059,0.001,1
5/23/21,6/4/21,12,R15,3,,2,3131,12,27.5,,3.5,Bridget,Bridget,7/13/21,,1493,0.0059,0.001,1
5/23/21,6/4/21,12,R15 ,4,,1,3132,9,67,y,6,Bridget,Bridget,7/13/21,,1445,0.0461,0.0031,6
5/23/21,6/4/21,12,R15 ,4,,2,3132,25,55,,6,Bridget,Bridget,7/13/21,,1445,0.0461,0.0031,6
5/23/21,6/4/21,12,R15,4,,3,3132,10,10,,6,Bridget,Bridget,7/13/21,,1445,0.0461,0.0031,6
5/23/21,6/4/21,12,R15,5,,1,3133,4,36,y,5,Bridget,Bridget,7/13/21,,1461,0.0164,0.0015,9
5/23/21,6/4/21,12,R15 ,5,,2,3133,19,34.5,,5,Bridget,Bridget,7/13/21,,1461,0.0164,0.0015,9
5/23/21,6/4/21,12,R15 ,6,,1,3134,8,47,y,7,Bridget,Bridget,7/13/21,,1524,0.0389,0.0014,7
5/23/21,6/4/21,12,R15,6,,2,3134,23,55,,6.5,Bridget,Bridget,7/13/21,,1524,0.0389,0.0014,7
5/23/21,6/4/21,12,R15,6,,3,3134,6,6,,7,Bridget,Bridget,7/13/21,,1524,0.0389,0.0014,7
5/23/21,6/4/21,12,R15 ,7,,1,3135,2,2,,3,Bridget,Bridget,7/13/21,,1438,0.0147,0.0005,1
5/23/21,6/4/21,12,R15 ,7,,2,3135,5,21,y,4.5,Bridget,Bridget,7/13/21,,1438,0.0147,0.0005,1
5/23/21,6/4/21,12,R15,7,,3,3135,16,40,y,4,Bridget,Bridget,7/13/21,,1438,0.0147,0.0005,1
5/23/21,6/4/21,12,R15,8,,1,3136,0,8,y,7,Bridget,Bridget,7/13/21,,1818,0.0296,0.0026,4
5/23/21,6/4/21,12,R15 ,8,,2,3136,28,39,y,7,Bridget,Bridget,7/13/21,,1818,0.0296,0.0026,4
5/23/21,6/4/21,12,R15 ,8,,3,3136,34,34,y,7,Bridget,Bridget,7/13/21,,1818,0.0296,0.0026,4
5/23/21,6/4/21,12,R15,9,,1,3137,2,2,,4.5,Bridget,Bridget,7/13/21,,1422,0.0093,0.0014,2
5/23/21,6/4/21,12,R15,9,,2,3137,0,14,y,5,Bridget,Bridget,7/13/21,,1422,0.0093,0.0014,2
5/23/21,6/4/21,12,R15 ,9,,3,3137,15,29.5,y,4.5,Bridget,Bridget,7/13/21,,1422,0.0093,0.0014,2
5/23/21,6/4/21,12,R16,1,,1,3138,34,89.5,y,6,Bridget,Bridget,7/13/21,,1937,0.0434,0.0035,1
5/23/21,6/4/21,12,R16,1,,2,3138,44,51,,6,Bridget,Bridget,7/13/21,,1937,0.0434,0.0035,1
5/23/21,6/4/21,12,R16,2,,1,3139,22,94,y,8,Bridget,Bridget,7/13/21,,1756,0.0579,0.0043,2
5/23/21,6/4/21,12,R16,2,,2,3139,37,45,,7,Bridget,Bridget,7/13/21,,1756,0.0579,0.0043,2
5/23/21,6/4/21,12,R16,3,,1,3140,0,28,y,7,Bridget,Bridget,7/13/21,,1520,0.0788,0.0054,2
5/23/21,6/4/21,12,R16,3,,2,3140,8.5,131,,8,Bridget,Bridget,7/13/21,,1520,0.0788,0.0054,2
5/23/21,6/4/21,12,R16,3,,3,3140,46.5,76,y,7,Bridget,Bridget,7/13/21,,1520,0.0788,0.0054,2
5/23/21,6/4/21,12,R16,4,,1,3141,0,66,,8,Bridget,Bridget,7/13/21,,1442,0.0984,0.0077,5
5/23/21,6/4/21,12,R16,4,,2,3141,12,75,y,7,Bridget,Bridget,7/13/21,,1442,0.0984,0.0077,5
5/23/21,6/4/21,12,R16,4,,3,3141,45,82,,8,Bridget,Bridget,7/13/21,,1442,0.0984,0.0077,5
5/23/21,6/4/21,12,R16,4,,4,3141,27,27,,8,Bridget,Bridget,7/13/21,,1442,0.0984,0.0077,5
5/23/21,6/4/21,12,R16,5,,1,3142,0,50,y,6,Bridget,Bridget,7/13/21,,2096,0.0485,0.0039,4
5/23/21,6/4/21,12,R16,5,,2,3142,24,68,y,6,Bridget,Bridget,7/13/21,,2096,0.0485,0.0039,4
5/23/21,6/4/21,12,R16,5,,3,3142,32,36,,6,Bridget,Bridget,7/13/21,,2096,0.0485,0.0039,4
5/23/21,6/4/21,12,R16,6,,1,3143,0,41,y,7.5,Bridget,Bridget,7/13/21,,1495,0.0911,0.007,5
5/23/21,6/4/21,12,R16,6,,2,3143,8,79,y,7.5,Bridget,Bridget,7/13/21,,1495,0.0911,0.007,5
5/23/21,6/4/21,12,R16,6,,3,3143,34,60.5,,7.5,Bridget,Bridget,7/13/21,,1495,0.0911,0.007,5
5/23/21,6/4/21,12,R16,6,,4,3143,19,19,,8,Bridget,Bridget,7/13/21,,1495,0.0911,0.007,5
5/23/21,6/4/21,12,R16,7,y,1,3145,2,40,y,8,Bridget,Bridget,7/13/21,,1988,0.084,0.0096,6
5/23/21,6/4/21,12,R16,7,y,2,3145,25.5,84,,8,Bridget,Bridget,7/13/21,,1988,0.084,0.0096,6
5/23/21,6/4/21,12,R16,7,y,3,3145,38,49,,8,Bridget,Bridget,7/13/21,,1988,0.084,0.0096,6
5/23/21,6/4/21,12,R16,8,,1,3136,0,34,y,8,Bridget,Bridget,7/13/21,,1817,0.0676,0.0054,11
5/23/21,6/4/21,12,R16,8,,2,3146,15.5,54,y,8,Bridget,Bridget,7/13/21,,1817,0.0676,0.0054,11
5/23/21,6/4/21,12,R16,8,,3,3146,33,58,,8,Bridget,Bridget,7/13/21,,1817,0.0676,0.0054,11
5/23/21,6/4/21,12,R16,9,,1,3147,0,54,y,6,Bridget,Bridget,7/13/21,,1420,0.0347,0.0046,10
5/23/21,6/4/21,12,R16,9,,2,3147,30,79,,5.5,Bridget,Bridget,7/13/21,,1420,0.0347,0.0046,10
5/23/21,6/4/21,12,R16,9,,3,3147,10,10,,5.5,Bridget,Bridget,7/13/21,,1420,0.0347,0.0046,10
5/23/21,6/4/21,12,R16,10,,1,3148,21,55,y,5,Bridget,Bridget,7/13/21,,1426,0.0178,0.0021,2
5/23/21,6/4/21,12,R16,10,,2,3148,30,30,,4.5,Bridget,Bridget,7/13/21,,1426,0.0178,0.0021,2
5/23/21,6/4/21,12,R17,1,,1,3149,0,63,y,6,Bridget,Bridget,7/13/21,,2075,0.0451,0.009,4
5/23/21,6/4/21,12,R17,1,,2,3149,27,84,,6,Bridget,Bridget,7/13/21,,2075,0.0451,0.009,4
5/23/21,6/4/21,12,R17,1,,3,3149,8.5,8.5,,6,Bridget,Bridget,7/13/21,,2075,0.0451,0.009,4
5/23/21,6/4/21,12,R17,2,,1,3150,3,48,y,8,Bridget,Bridget,7/13/21,,1786,0.0438,0.0039,3
5/23/21,6/4/21,12,R17,2,,2,3150,23,39,,8,Bridget,Bridget,7/13/21,,1786,0.0438,0.0039,3
5/23/21,6/4/21,12,R17,3,,1,3151,0,8,y,6.5,Bridget,Bridget,7/13/21,,1456,0.0422,0.006,14
5/23/21,6/4/21,12,R17,3,,2,3151,20,80,y,6.5,Bridget,Bridget,7/13/21,,1456,0.0422,0.006,14
5/23/21,6/4/21,12,R17,3,,3,3151,36,58,,6,Bridget,Bridget,7/13/21,,1456,0.0422,0.006,14
5/23/21,6/4/21,12,R17,4,,1,3152,0,38,,7,Bridget,Bridget,7/13/21,,2078,0.0376,0.0154,7
5/23/21,6/4/21,12,R17,4,,2,3152,15,49,,7,Bridget,Bridget,7/13/21,,2078,0.0376,0.0154,7
5/23/21,6/4/21,12,R17,4,,3,3152,12,12,,8,Bridget,Bridget,7/13/21,,2078,0.0376,0.0154,7
5/23/21,6/4/21,12,R17,5,,1,3153,1,42,y,4.5,Bridget,Bridget,7/13/21,,1450,0.0212,0.0022,9
5/23/21,6/4/21,12,R17,5,,2,3153,16,41,,4.5,Bridget,Bridget,7/13/21,,1450,0.0212,0.0022,9
5/23/21,6/4/21,12,R17,6,,1,3154,4,37,y,5,Bridget,Bridget,7/13/21,,1416,0.0183,0.0023,6
5/23/21,6/4/21,12,R17,6,,2,3154,17,25,,4.5,Bridget,Bridget,7/13/21,,1416,0.0183,0.0023,6
5/23/21,6/4/21,12,R17,7,,1,3155,0,15,y,7.5,Bridget,Bridget,7/13/21,,1764,0.0332,0.0026,3
5/23/21,6/4/21,12,R17,7,,2,3155,22,56,y,7.5,Bridget,Bridget,7/13/21,,1764,0.0332,0.0026,3
5/23/21,6/4/21,12,R17,7,,3,3155,3,3,,7,Bridget,Bridget,7/13/21,,1764,0.0332,0.0026,3
5/23/21,6/4/21,12,R17,8,,1,3156,0,25,y,7,Bridget,Bridget,7/13/21,,1469,0.0337,0.0029,2
5/23/21,6/4/21,12,R17,8,,2,3156,14,37,y,7,Bridget,Bridget,7/13/21,,1469,0.0337,0.0029,2
5/23/21,6/4/21,12,R17,8,,3,3156,23,25,,7,Bridget,Bridget,7/13/21,,1469,0.0337,0.0029,2
5/23/21,6/4/21,12,R17,9,,1,3157,0,7,y,7,Bridget,Bridget,7/13/21,,1477,0.0328,0.0036,1
5/23/21,6/4/21,12,R17,9,,2,3157,5,38,y,7,Bridget,Bridget,7/13/21,,1477,0.0328,0.0036,1
5/23/21,6/4/21,12,R17,9,,3,3157,20,33,,7,Bridget,Bridget,7/13/21,,1477,0.0328,0.0036,1
5/23/21,6/4/21,12,R17,10,,1,3158,0,34,y,8,Bridget,Bridget,7/13/21,,1980,0.0499,0.0063,11
5/23/21,6/4/21,12,R17,10,,2,3158,21,65,,8,Bridget,Bridget,7/13/21,,1980,0.0499,0.0063,11
5/23/21,6/4/21,12,R17,10,,3,3158,14,14,,8,Bridget,Bridget,7/13/21,,1980,0.0499,0.0063,11
5/23/21,6/4/21,12,R18,1,,1,3159,0,13.5,y,6.5,Bridget,Bridget,7/20/21,,1446,0.0377,0.0028,0
5/23/21,6/4/21,12,R18,1,,2,3159,29,92,,6.5,Bridget,Bridget,7/20/21,,1446,0.0377,0.0028,0
5/23/21,6/4/21,12,R18,1,,3,3159,5.5,5.5,,6.5,Bridget,Bridget,7/20/21,,1446,0.0377,0.0028,0
5/23/21,6/4/21,12,R18,2,,1,3160,15,22,y,5,Bridget,Bridget,7/20/21,,1730,0.0095,0.001,2
5/23/21,6/4/21,12,R18,2,,2,3160,30,30,,5,Bridget,Bridget,7/20/21,,1730,0.0095,0.001,2
5/23/21,6/4/21,12,R18,3,,1,3161,5,12,y,4.5,Bridget,Bridget,7/20/21,,1962,0.0089,0.001,0
5/23/21,6/4/21,12,R18,3,,2,3161,19,32,y,4.5,Bridget,Bridget,7/20/21,,1962,0.0089,0.001,0
5/23/21,6/4/21,12,R18,4,,1,3162,7,10,y,7,Bridget,Bridget,7/20/21,,1748,0.0196,0.0011,0
5/23/21,6/4/21,12,R18,4,,2,3162,27,44.5,,7,Bridget,Bridget,7/20/21,,1748,0.0196,0.0011,0
5/23/21,6/4/21,12,R18,5,,1,3163,3,12,y,6,Bridget,Bridget,7/20/21,,1770,0.0155,0.001,3
5/23/21,6/4/21,12,R18,5,,2,3163,23,35,,5,Bridget,Bridget,7/20/21,,1770,0.0155,0.001,3
5/23/21,6/4/21,12,R18,6,,1,3164,0,9,y,6,Bridget,Bridget,7/20/21,,1412,0.0116,0.0013,2
5/23/21,6/4/21,12,R18,6,,2,3164,20,33,y,5.5,Bridget,Bridget,7/20/21,,1412,0.0116,0.0013,2
5/23/21,6/4/21,12,R18,6,,3,3164,1.5,1.5,,5,Bridget,Bridget,7/20/21,,1412,0.0116,0.0013,2
5/23/21,6/4/21,12,R18,7,,1,3165,12,30,y,6,Bridget,Bridget,7/20/21,,1940,0.0154,0.0003,1
5/23/21,6/4/21,12,R18,7,,2,3165,23,29,,5.5,Bridget,Bridget,7/20/21,,1940,0.0154,0.0003,1
5/23/21,6/4/21,12,R18,8,,1,3166,0,4,y,5,Bridget,Bridget,7/20/21,,1459,0.0039,0.0007,1
5/23/21,6/4/21,12,R18,8,,2,3166,1,5,y,5,Bridget,Bridget,7/20/21,,1459,0.0039,0.0007,1
5/23/21,6/4/21,12,R18,8,,3,3166,8,11,y,4,Bridget,Bridget,7/20/21,,1459,0.0039,0.0007,1
5/23/21,6/4/21,12,R18,9,,1,3167,0.5,32,y,5,Bridget,Bridget,7/20/21,,1758,0.0156,0.0021,2
5/23/21,6/4/21,12,R18,9,,2,3167,15,29,,5,Bridget,Bridget,7/20/21,,1758,0.0156,0.0021,2
5/23/21,6/4/21,12,R18,10,,1,3168,13.5,33,y,6,Bridget,Bridget,7/20/21,,1574,0.0131,0.0009,0
5/23/21,6/4/21,12,R18,10,,2,3168,14.5,14.5,,5.5,Bridget,Bridget,7/20/21,,1574,0.0131,0.0009,0
5/23/21,6/4/21,12,R19,1,,1,3169,0,16,y,6,Bridget,Bridget,7/20/21,,1530,0.0175,0.0018,8
5/23/21,6/4/21,12,R19,1,,2,3169,18,44,,6,Bridget,Bridget,7/20/21,,1530,0.0175,0.0018,8
5/23/21,6/4/21,12,R19,1,,3,3169,6.5,6.5,,5,Bridget,Bridget,7/20/21,,1530,0.0175,0.0018,8
5/23/21,6/4/21,12,R19,2,,1,3170,0,20,y,5.5,Bridget,Bridget,7/20/21,,1887,0.0249,0.0023,5
5/23/21,6/4/21,12,R19,2,,2,3170,0.5,30,y,5,Bridget,Bridget,7/20/21,,1887,0.0249,0.0023,5
5/23/21,6/4/21,12,R19,2,,3,3170,17,44,,5,Bridget,Bridget,7/20/21,,1887,0.0249,0.0023,5
5/23/21,6/4/21,12,R19,2,,4,3170,6,6,,5,Bridget,Bridget,7/20/21,,1887,0.0249,0.0023,5
5/23/21,6/4/21,12,R19,3,,1,3171,1,42,y,4,Bridget,Bridget,7/20/21,,1734,0.012,0.0002,3
5/23/21,6/4/21,12,R19,3,,2,3171,11,19,,4,Bridget,Bridget,7/20/21,,1734,0.012,0.0002,3
5/23/21,6/4/21,12,R19,4,,1,3172,0,7.5,y,7,Bridget,Bridget,7/20/21,,1636,0.0458,0.0025,7
5/23/21,6/4/21,12,R19,4,,2,3172,18,43,y,7.5,Bridget,Bridget,7/20/21,,1636,0.0458,0.0025,7
5/23/21,6/4/21,12,R19,4,,3,3172,42,59,,7.5,Bridget,Bridget,7/20/21,,1636,0.0458,0.0025,7
5/23/21,6/4/21,12,R19,5,,1,3173,0,12.5,y,6,Bridget,Bridget,7/20/21,,1491,0.0141,0.0014,3
5/23/21,6/4/21,12,R19,5,,2,3173,13,35,y,5,Bridget,Bridget,7/20/21,,1491,0.0141,0.0014,3
5/23/21,6/4/21,12,R19,5,,3,3173,3,3,,5,Bridget,Bridget,7/20/21,,1491,0.0141,0.0014,3
5/23/21,6/4/21,12,R19,6,,1,3174,0,13,y,7,Bridget,Bridget,7/20/21,,1769,0.0312,0.0028,1
5/23/21,6/4/21,12,R19,6,,2,3174,17,49,y,7,Bridget,Bridget,7/20/21,,1769,0.0312,0.0028,1
5/23/21,6/4/21,12,R19,6,,3,3174,28.5,28.5,,7,Bridget,Bridget,7/20/21,,1769,0.0312,0.0028,1
5/23/21,6/4/21,12,R19,7,,1,3175,11,69,,6.5,Bridget,Bridget,7/20/21,,1455,0.0359,0.0026,3
5/23/21,6/4/21,12,R19,7,,2,3175,33.5,40,,6.5,Bridget,Bridget,7/20/21,,1455,0.0359,0.0026,3
5/23/21,6/4/21,12,R19,8,,1,3176,0,15,y,4,Bridget,Bridget,7/20/21,,1972,0.0105,0.0006,2
5/23/21,6/4/21,12,R19,8,,2,3176,14,33.5,,4,Bridget,Bridget,7/20/21,,1972,0.0105,0.0006,2
5/23/21,6/4/21,12,R19,8,,3,3176,9,9,,4,Bridget,Bridget,7/20/21,,1972,0.0105,0.0006,2
5/23/21,6/4/21,12,R19,9,,1,3177,0,22,y,5.5,Bridget,Bridget,7/20/21,,1608,0.0196,0.0025,7
5/23/21,6/4/21,12,R19,9,,2,3177,15,47,,5,Bridget,Bridget,7/20/21,,1608,0.0196,0.0025,7
5/23/21,6/4/21,12,R19,9,,3,3177,8,8,,4.5,Bridget,Bridget,7/20/21,,1608,0.0196,0.0025,7
5/23/21,6/4/21,12,R19,10,,1,3178,8,25,y,5,Bridget,Bridget,7/20/21,,2028,0.0082,0.0004,0
5/23/21,6/4/21,12,R19,10,,2,3178,18,18,,5,Bridget,Bridget,7/20/21,,2028,0.0082,0.0004,0
5/23/21,6/4/21,12,R20,1,,1,3179,9,60,y,8,Bridget,Bridget,7/20/21,,1488,0.0418,0.006,7
5/23/21,6/4/21,12,R20,1,,2,3179,24,44,,8,Bridget,Bridget,7/20/21,,1488,0.0418,0.006,7
5/23/21,6/4/21,12,R20,2,,1,3180,2,29,y,7,Bridget,Bridget,7/20/21,,1759,0.0273,0.0037,2
5/23/21,6/4/21,12,R20,2,,2,3180,23,49,y,7,Bridget,Bridget,7/20/21,,1759,0.0273,0.0037,2
5/23/21,6/4/21,12,R20,3,,1,3181,25,50,y,6,Bridget,Bridget,7/20/21,,1415,0.035,0.0022,2
5/23/21,6/4/21,12,R20,3,,2,3181,44,47,,6,Bridget,Bridget,7/20/21,,1415,0.035,0.0022,2
5/23/21,6/4/21,12,R20,3,,3,3181,6,6,,6,Bridget,Bridget,7/20/21,,1415,0.035,0.0022,2
5/23/21,6/4/21,12,R20,4,,1,3182,0,60,y,5,Bridget,Bridget,7/20/21,,1598,0.0566,0.0047,6
5/23/21,6/4/21,12,R20,4,,2,3182,10,56,y,6,Bridget,Bridget,7/20/21,,1598,0.0566,0.0047,6
5/23/21,6/4/21,12,R20,4,,3,3182,27,61,,6,Bridget,Bridget,7/20/21,,1598,0.0566,0.0047,6
5/23/21,6/4/21,12,R20,4,,4,3182,10,10,,6.5,Bridget,Bridget,7/20/21,,1598,0.0566,0.0047,6
5/23/21,6/4/21,12,R20,5,,1,3183,0,6,y,8,Bridget,Bridget,7/20/21,,1483,0.0266,0.0029,4
5/23/21,6/4/21,12,R20,5,,2,3183,13,25,y,7.5,Bridget,Bridget,7/20/21,,1483,0.0266,0.0029,4
5/23/21,6/4/21,12,R20,5,,3,3183,19,25,,7.5,Bridget,Bridget,7/20/21,,1483,0.0266,0.0029,4
5/23/21,6/4/21,12,R20,6,,1,3184,11,49,y,5,Bridget,Bridget,7/20/21,,1423,0.0189,0.0027,2
5/23/21,6/4/21,12,R20,6,,2,3184,22,22,,5,Bridget,Bridget,7/20/21,,1423,0.0189,0.0027,2
5/23/21,6/4/21,12,R20,7,,1,3185,0,24,y,5,Bridget,Bridget,7/20/21,,1546,0.0472,0.0064,1
5/23/21,6/4/21,12,R20,7,,2,3185,3,51,y,5,Bridget,Bridget,7/20/21,,1546,0.0472,0.0064,1
5/23/21,6/4/21,12,R20,7,,3,3185,20,57,y,5,Bridget,Bridget,7/20/21,,1546,0.0472,0.0064,1
5/23/21,6/4/21,12,R20,7,,4,3185,25,25,,5.5,Bridget,Bridget,7/20/21,,1546,0.0472,0.0064,1
5/23/21,6/4/21,12,R20,8,,1,3186,0,68.5,,4,Bridget,Bridget,7/20/21,,1753,0.0209,0.0032,1
5/23/21,6/4/21,12,R20,8,,2,3186,19,40,y,4,Bridget,Bridget,7/20/21,,1753,0.0209,0.0032,1
5/23/21,6/4/21,12,R20,8,,3,3186,4,4,,4,Bridget,Bridget,7/20/21,,1753,0.0209,0.0032,1
5/23/21,6/4/21,12,R20,9,,1,3187,0,40,y,5,Bridget,Bridget,7/20/21,,1795,0.0255,0.0025,3
5/23/21,6/4/21,12,R20,9,,2,3187,4,57,y,5,Bridget,Bridget,7/20/21,,1795,0.0255,0.0025,3
5/23/21,6/4/21,12,R20,9,,3,3187,16.5,16.5,,5,Bridget,Bridget,7/20/21,,1795,0.0255,0.0025,3
5/23/21,6/4/21,12,R21,1,,1,3188,0,20,y,7,Bridget,Bridget,7/20/21,,1973,0.026,0.0019,6
5/23/21,6/4/21,12,R21,1,,2,3188,15,44,y,7,Bridget,Bridget,7/20/21,,1973,0.026,0.0019,6
5/23/21,6/4/21,12,R21,1,,3,3188,14,14,,7,Bridget,Bridget,7/20/21,,1973,0.026,0.0019,6
5/23/21,6/4/21,12,R21,2,,1,3189,16,62,,7,Bridget,Bridget,7/20/21,,1978,0.0261,0.0018,4
5/23/21,6/4/21,12,R21,2,,2,3189,20,20,,7,Bridget,Bridget,7/20/21,,1978,0.0261,0.0018,4
5/23/21,6/4/21,12,R21,3,,1,3190,0,15,y,6,Bridget,Bridget,7/20/21,,1979,0.0414,0.0042,2
5/23/21,6/4/21,12,R21,3,,2,3190,6,58,y,6,Bridget,Bridget,7/20/21,,1979,0.0414,0.0042,2
5/23/21,6/4/21,12,R21,3,,3,3190,28,59,,6,Bridget,Bridget,7/20/21,,1979,0.0414,0.0042,2
5/23/21,6/4/21,12,R21,3,,4,3190,10,10,,6,Bridget,Bridget,7/20/21,,1979,0.0414,0.0042,2
5/23/21,6/4/21,12,R21,4,,1,3191,0,14,y,7,Bridget,Bridget,7/20/21,,2069,0.018,0.0007,4
5/23/21,6/4/21,12,R21,4,,2,3191,16,37,,7,Bridget,Bridget,7/20/21,,2069,0.018,0.0007,4
5/23/21,6/4/21,12,R21,5,,1,3192,3,17,y,6,Bridget,Bridget,7/20/21,,2038,0.0146,0.0004,2
5/23/21,6/4/21,12,R21,5,,2,3192,18,29.5,y,6,Bridget,Bridget,7/20/21,,2038,0.0146,0.0004,2
5/23/21,6/4/21,12,R21,6,,1,3193,0,33,y,6,Bridget,Bridget,7/20/21,,1999,0.0388,0.0039,6
5/23/21,6/4/21,12,R21,6,,2,3193,19,74,y,6,Bridget,Bridget,7/20/21,,1999,0.0388,0.0039,6
5/23/21,6/4/21,12,R21,6,,3,3193,16,16,,6,Bridget,Bridget,7/20/21,,1999,0.0388,0.0039,6
5/23/21,6/4/21,12,R21,7,,1,3194,0,15,y,8,Bridget,Bridget,7/20/21,,2033,0.0395,0.0018,17
5/23/21,6/4/21,12,R21,7,,2,3194,16,55,,7,Bridget,Bridget,7/20/21,,2033,0.0395,0.0018,17
5/23/21,6/4/21,12,R21,7,,3,3194,24,28,,8,Bridget,Bridget,7/20/21,,2033,0.0395,0.0018,17
5/23/21,6/4/21,12,R21,8,,1,3195,0,15,y,6,Bridget,Bridget,7/20/21,,1928,0.02,0.0015,2
5/23/21,6/4/21,12,R21,8,,2,3195,4,18,y,7,Bridget,Bridget,7/20/21,,1928,0.02,0.0015,2
5/23/21,6/4/21,12,R21,8,,3,3195,21,24,y,6.5,Bridget,Bridget,7/20/21,,1928,0.02,0.0015,2
5/23/21,6/4/21,12,R21,9,,1,3196,0,13,y,7.5,Bridget,Bridget,7/20/21,,1984,0.0296,0.0025,5
5/23/21,6/4/21,12,R21,9,,2,3196,10,28,y,8,Bridget,Bridget,7/20/21,,1984,0.0296,0.0025,5
5/23/21,6/4/21,12,R21,9,,3,3196,16,29,,8,Bridget,Bridget,7/20/21,,1984,0.0296,0.0025,5
5/23/21,6/4/21,12,R21,9,,4,3196,6.5,6.5,,8,Bridget,Bridget,7/20/21,,1984,0.0296,0.0025,5
5/23/21,6/4/21,12,R22,1,,1,3197,4,38,,6,Bridget,Bridget,7/20/21,,2057,0.0162,0.0003,9
5/23/21,6/4/21,12,R22,1,,2,3197,12,25,,5.5,Bridget,Bridget,7/20/21,,2057,0.0162,0.0003,9
5/23/21,6/4/21,12,R22,2,,1,3198,0,18,y,6.5,Bridget,Bridget,7/20/21,,2072,0.0302,0.0012,13
5/23/21,6/4/21,12,R22,2,,2,3198,11,57,,6,Bridget,Bridget,7/20/21,,2072,0.0302,0.0012,13
5/23/21,6/4/21,12,R22,2,,3,3198,20,24,,6.5,Bridget,Bridget,7/20/21,,2072,0.0302,0.0012,13
5/23/21,6/4/21,12,R22,3,,1,3199,0,45,y,9,Bridget,Bridget,7/20/21,,1985,0.0818,0.0045,13
5/23/21,6/4/21,12,R22,3,,2,3199,7,57,y,9,Bridget,Bridget,7/20/21,,1985,0.0818,0.0045,13
5/23/21,6/4/21,12,R22,3,,3,3199,26,44,y,9,Bridget,Bridget,7/20/21,,1985,0.0818,0.0045,13
5/23/21,6/4/21,12,R22,3,,4,3199,6,6,,8,Bridget,Bridget,7/20/21,,1985,0.0818,0.0045,13
5/23/21,6/4/21,12,R22,4,,1,3200,0,17,y,9,Bridget,Bridget,7/20/21,,2032,0.0918,0.0024,6
5/23/21,6/4/21,12,R22,4,,2,3200,12,80,y,9,Bridget,Bridget,7/20/21,,2032,0.0918,0.0024,6
5/23/21,6/4/21,12,R22,4,,3,3200,35,73,,8,Bridget,Bridget,7/20/21,,2032,0.0918,0.0024,6
5/23/21,6/4/21,12,R22,5,,1,3201,0,5,y,7,Bridget,Bridget,7/20/21,,2086,0.0301,0.0005,7
5/23/21,6/4/21,12,R22,5,,2,3201,9,25,y,6.5,Bridget,Bridget,7/20/21,,2086,0.0301,0.0005,7
5/23/21,6/4/21,12,R22,5,,3,3201,16,24.5,y,6.5,Bridget,Bridget,7/20/21,,2086,0.0301,0.0005,7
5/23/21,6/4/21,12,R22,5,,4,3201,2,2,,6,Bridget,Bridget,7/20/21,,2086,0.0301,0.0005,7
5/23/21,6/4/21,12,R22,6,,1,3202,0,16,y,9,Bridget,Bridget,7/20/21,,1932,0.0781,0.0033,18
5/23/21,6/4/21,12,R22,6,,2,3202,4,83,y,8,Bridget,Bridget,7/20/21,,1932,0.0781,0.0033,18
5/23/21,6/4/21,12,R22,6,,3,3202,25,52,,9,Bridget,Bridget,7/20/21,,1932,0.0781,0.0033,18
5/23/21,6/4/21,12,R22,7,,1,3203,1,40,y,5,Bridget,Bridget,7/20/21,,1981,0.0373,0.0006,28
5/23/21,6/4/21,12,R22,7,,2,3203,18,57,,7,Bridget,Bridget,7/20/21,,1981,0.0373,0.0006,28
5/23/21,6/4/21,12,R22,7,,3,3203,16,16,,7,Bridget,Bridget,7/20/21,,1981,0.0373,0.0006,28
5/23/21,6/4/21,12,R22,8,,1,3204,0,25,y,5.5,Bridget,Bridget,7/20/21,,1969,0.0448,0.002,17
5/23/21,6/4/21,12,R22,8,,2,3204,19,65,y,5.5,Bridget,Bridget,7/20/21,,1969,0.0448,0.002,17
5/23/21,6/4/21,12,R22,8,,3,3204,29,43,,5.5,Bridget,Bridget,7/20/21,,1969,0.0448,0.002,17
5/23/21,6/4/21,12,R22,9,,1,3205,3,40,y,6.5,Bridget,Bridget,7/20/21,,1992,0.018,0.0005,9
5/23/21,6/4/21,12,R22,9,,2,3205,15,30,y,6,Bridget,Bridget,7/20/21,,1992,0.018,0.0005,9
5/23/21,6/4/21,12,R22,10,,1,3206,0,30,y,6,Bridget,Bridget,7/20/21,,1966,0.0372,0.0012,15
5/23/21,6/4/21,12,R22,10,,2,3206,10,42,y,6,Bridget,Bridget,7/20/21,,1966,0.0372,0.0012,15
5/23/21,6/4/21,12,R22,10,,3,3206,20,28,,7,Bridget,Bridget,7/20/21,,1966,0.0372,0.0012,15